SLNO,FIPS,NAME
2,1001,"Autauga, AL"
3,1003,"Baldwin, AL"
4,1005,"Barbour, AL"
5,1007,"Bibb, AL"
6,1009,"Blount, AL"
7,1011,"Bullock, AL"
8,1013,"Butler, AL"
9,1015,"Calhoun, AL"
10,1017,"Chambers, AL"
11,1019,"Cherokee, AL"
12,1021,"Chilton, AL"
13,1023,"Choctaw, AL"
14,1025,"Clarke, AL"
15,1027,"Clay, AL"
16,1029,"Cleburne, AL"
17,1031,"Coffee, AL"
18,1033,"Colbert, AL"
19,1035,"Conecuh, AL"
20,1037,"Coosa, AL"
21,1039,"Covington, AL"
22,1041,"Crenshaw, AL"
23,1043,"Cullman, AL"
24,1045,"Dale, AL"
25,1047,"Dallas, AL"
26,1049,"DeKalb, AL"
27,1051,"Elmore, AL"
28,1053,"Escambia, AL"
29,1055,"Etowah, AL"
30,1057,"Fayette, AL"
31,1059,"Franklin, AL"
32,1061,"Geneva, AL"
33,1063,"Greene, AL"
34,1065,"Hale, AL"
35,1067,"Henry, AL"
36,1069,"Houston, AL"
37,1071,"Jackson, AL"
38,1073,"Jefferson, AL"
39,1075,"Lamar, AL"
40,1077,"Lauderdale, AL"
41,1079,"Lawrence, AL"
42,1081,"Lee, AL"
43,1083,"Limestone, AL"
44,1085,"Lowndes, AL"
45,1087,"Macon, AL"
46,1089,"Madison, AL"
47,1091,"Marengo, AL"
48,1093,"Marion, AL"
49,1095,"Marshall, AL"
50,1097,"Mobile, AL"
51,1099,"Monroe, AL"
52,1101,"Montgomery, AL"
53,1103,"Morgan, AL"
54,1105,"Perry, AL"
55,1107,"Pickens, AL"
56,1109,"Pike, AL"
57,1111,"Randolph, AL"
58,1113,"Russell, AL"
59,1115,"St. Clair, AL"
60,1117,"Shelby, AL"
61,1119,"Sumter, AL"
62,1121,"Talladega, AL"
63,1123,"Tallapoosa, AL"
64,1125,"Tuscaloosa, AL"
65,1127,"Walker, AL"
66,1129,"Washington, AL"
67,1131,"Wilcox, AL"
68,1133,"Winston, AL"
70,2013,"Aleutians East, AK"
71,2016,"Aleutians West, AK"
72,2020,"Anchorage, AK"
73,2050,"Bethel, AK"
74,2060,"Bristol Bay, AK"
75,2068,"Denali, AK"
76,2070,"Dillingham, AK"
77,2090,"Fairbanks North Star, AK"
78,2100,"Haines, AK"
79,2105,"Hoonah-Angoon, AK"
80,2110,"Juneau, AK"
81,2122,"Kenai Peninsula, AK"
82,2130,"Ketchikan Gateway, AK"
83,2150,"Kodiak Island, AK"
84,2164,"Lake and Peninsula, AK"
85,2170,"Matanuska-Susitna, AK"
86,2180,"Nome, AK"
87,2185,"North Slope, AK"
88,2188,"Northwest Arctic, AK"
89,2195,"Petersburg, AK"
90,2198,"Prince of Wales-Hyder, AK"
91,2220,"Sitka, AK"
92,2230,"Skagway, AK"
93,2240,"Southeast Fairbanks, AK"
94,2261,"Valdez-Cordova, AK"
95,2270,"Wade Hampton, AK"
96,2275,"Wrangell, AK"
97,2282,"Yakutat, AK"
98,2290,"Yukon-Koyukuk, AK"
100,4001,"Apache, AZ"
101,4003,"Cochise, AZ"
102,4005,"Coconino, AZ"
103,4007,"Gila, AZ"
104,4009,"Graham, AZ"
105,4011,"Greenlee, AZ"
106,4012,"La Paz, AZ"
107,4013,"Maricopa, AZ"
108,4015,"Mohave, AZ"
109,4017,"Navajo, AZ"
110,4019,"Pima, AZ"
111,4021,"Pinal, AZ"
112,4023,"Santa Cruz, AZ"
113,4025,"Yavapai, AZ"
114,4027,"Yuma, AZ"
116,5001,"Arkansas, AR"
117,5003,"Ashley, AR"
118,5005,"Baxter, AR"
119,5007,"Benton, AR"
120,5009,"Boone, AR"
121,5011,"Bradley, AR"
122,5013,"Calhoun, AR"
123,5015,"Carroll, AR"
124,5017,"Chicot, AR"
125,5019,"Clark, AR"
126,5021,"Clay, AR"
127,5023,"Cleburne, AR"
128,5025,"Cleveland, AR"
129,5027,"Columbia, AR"
130,5029,"Conway, AR"
131,5031,"Craighead, AR"
132,5033,"Crawford, AR"
133,5035,"Crittenden, AR"
134,5037,"Cross, AR"
135,5039,"Dallas, AR"
136,5041,"Desha, AR"
137,5043,"Drew, AR"
138,5045,"Faulkner, AR"
139,5047,"Franklin, AR"
140,5049,"Fulton, AR"
141,5051,"Garland, AR"
142,5053,"Grant, AR"
143,5055,"Greene, AR"
144,5057,"Hempstead, AR"
145,5059,"Hot Spring, AR"
146,5061,"Howard, AR"
147,5063,"Independence, AR"
148,5065,"Izard, AR"
149,5067,"Jackson, AR"
150,5069,"Jefferson, AR"
151,5071,"Johnson, AR"
152,5073,"Lafayette, AR"
153,5075,"Lawrence, AR"
154,5077,"Lee, AR"
155,5079,"Lincoln, AR"
156,5081,"Little River, AR"
157,5083,"Logan, AR"
158,5085,"Lonoke, AR"
159,5087,"Madison, AR"
160,5089,"Marion, AR"
161,5091,"Miller, AR"
162,5093,"Mississippi, AR"
163,5095,"Monroe, AR"
164,5097,"Montgomery, AR"
165,5099,"Nevada, AR"
166,5101,"Newton, AR"
167,5103,"Ouachita, AR"
168,5105,"Perry, AR"
169,5107,"Phillips, AR"
170,5109,"Pike, AR"
171,5111,"Poinsett, AR"
172,5113,"Polk, AR"
173,5115,"Pope, AR"
174,5117,"Prairie, AR"
175,5119,"Pulaski, AR"
176,5121,"Randolph, AR"
177,5123,"St. Francis, AR"
178,5125,"Saline, AR"
179,5127,"Scott, AR"
180,5129,"Searcy, AR"
181,5131,"Sebastian, AR"
182,5133,"Sevier, AR"
183,5135,"Sharp, AR"
184,5137,"Stone, AR"
185,5139,"Union, AR"
186,5141,"Van Buren, AR"
187,5143,"Washington, AR"
188,5145,"White, AR"
189,5147,"Woodruff, AR"
190,5149,"Yell, AR"
192,6001,"Alameda, CA"
193,6003,"Alpine, CA"
194,6005,"Amador, CA"
195,6007,"Butte, CA"
196,6009,"Calaveras, CA"
197,6011,"Colusa, CA"
198,6013,"Contra Costa, CA"
199,6015,"Del Norte, CA"
200,6017,"El Dorado, CA"
201,6019,"Fresno, CA"
202,6021,"Glenn, CA"
203,6023,"Humboldt, CA"
204,6025,"Imperial, CA"
205,6027,"Inyo, CA"
206,6029,"Kern, CA"
207,6031,"Kings, CA"
208,6033,"Lake, CA"
209,6035,"Lassen, CA"
210,6037,"Los Angeles, CA"
211,6039,"Madera, CA"
212,6041,"Marin, CA"
213,6043,"Mariposa, CA"
214,6045,"Mendocino, CA"
215,6047,"Merced, CA"
216,6049,"Modoc, CA"
217,6051,"Mono, CA"
218,6053,"Monterey, CA"
219,6055,"Napa, CA"
220,6057,"Nevada, CA"
221,6059,"Orange, CA"
222,6061,"Placer, CA"
223,6063,"Plumas, CA"
224,6065,"Riverside, CA"
225,6067,"Sacramento, CA"
226,6069,"San Benito, CA"
227,6071,"San Bernardino, CA"
228,6073,"San Diego, CA"
229,6075,"San Francisco, CA"
230,6077,"San Joaquin, CA"
231,6079,"San Luis Obispo, CA"
232,6081,"San Mateo, CA"
233,6083,"Santa Barbara, CA"
234,6085,"Santa Clara, CA"
235,6087,"Santa Cruz, CA"
236,6089,"Shasta, CA"
237,6091,"Sierra, CA"
238,6093,"Siskiyou, CA"
239,6095,"Solano, CA"
240,6097,"Sonoma, CA"
241,6099,"Stanislaus, CA"
242,6101,"Sutter, CA"
243,6103,"Tehama, CA"
244,6105,"Trinity, CA"
245,6107,"Tulare, CA"
246,6109,"Tuolumne, CA"
247,6111,"Ventura, CA"
248,6113,"Yolo, CA"
249,6115,"Yuba, CA"
251,8001,"Adams, CO"
252,8003,"Alamosa, CO"
253,8005,"Arapahoe, CO"
254,8007,"Archuleta, CO"
255,8009,"Baca, CO"
256,8011,"Bent, CO"
257,8013,"Boulder, CO"
258,8014,"Broomfield, CO"
259,8015,"Chaffee, CO"
260,8017,"Cheyenne, CO"
261,8019,"Clear Creek, CO"
262,8021,"Conejos, CO"
263,8023,"Costilla, CO"
264,8025,"Crowley, CO"
265,8027,"Custer, CO"
266,8029,"Delta, CO"
267,8031,"Denver, CO"
268,8033,"Dolores, CO"
269,8035,"Douglas, CO"
270,8037,"Eagle, CO"
271,8039,"Elbert, CO"
272,8041,"El Paso, CO"
273,8043,"Fremont, CO"
274,8045,"Garfield, CO"
275,8047,"Gilpin, CO"
276,8049,"Grand, CO"
277,8051,"Gunnison, CO"
278,8053,"Hinsdale, CO"
279,8055,"Huerfano, CO"
280,8057,"Jackson, CO"
281,8059,"Jefferson, CO"
282,8061,"Kiowa, CO"
283,8063,"Kit Carson, CO"
284,8065,"Lake, CO"
285,8067,"La Plata, CO"
286,8069,"Larimer, CO"
287,8071,"Las Animas, CO"
288,8073,"Lincoln, CO"
289,8075,"Logan, CO"
290,8077,"Mesa, CO"
291,8079,"Mineral, CO"
292,8081,"Moffat, CO"
293,8083,"Montezuma, CO"
294,8085,"Montrose, CO"
295,8087,"Morgan, CO"
296,8089,"Otero, CO"
297,8091,"Ouray, CO"
298,8093,"Park, CO"
299,8095,"Phillips, CO"
300,8097,"Pitkin, CO"
301,8099,"Prowers, CO"
302,8101,"Pueblo, CO"
303,8103,"Rio Blanco, CO"
304,8105,"Rio Grande, CO"
305,8107,"Routt, CO"
306,8109,"Saguache, CO"
307,8111,"San Juan, CO"
308,8113,"San Miguel, CO"
309,8115,"Sedgwick, CO"
310,8117,"Summit, CO"
311,8119,"Teller, CO"
312,8121,"Washington, CO"
313,8123,"Weld, CO"
314,8125,"Yuma, CO"
316,9001,"Fairfield, CT"
317,9003,"Hartford, CT"
318,9005,"Litchfield, CT"
319,9007,"Middlesex, CT"
320,9009,"New Haven, CT"
321,9011,"New London, CT"
322,9013,"Tolland, CT"
323,9015,"Windham, CT"
325,10001,"Kent, DE"
326,10003,"New Castle, DE"
327,10005,"Sussex, DE"
329,11001,District of Columbia
331,12001,"Alachua, FL"
332,12003,"Baker, FL"
333,12005,"Bay, FL"
334,12007,"Bradford, FL"
335,12009,"Brevard, FL"
336,12011,"Broward, FL"
337,12013,"Calhoun, FL"
338,12015,"Charlotte, FL"
339,12017,"Citrus, FL"
340,12019,"Clay, FL"
341,12021,"Collier, FL"
342,12023,"Columbia, FL"
343,12027,"DeSoto, FL"
344,12029,"Dixie, FL"
345,12031,"Duval, FL"
346,12033,"Escambia, FL"
347,12035,"Flagler, FL"
348,12037,"Franklin, FL"
349,12039,"Gadsden, FL"
350,12041,"Gilchrist, FL"
351,12043,"Glades, FL"
352,12045,"Gulf, FL"
353,12047,"Hamilton, FL"
354,12049,"Hardee, FL"
355,12051,"Hendry, FL"
356,12053,"Hernando, FL"
357,12055,"Highlands, FL"
358,12057,"Hillsborough, FL"
359,12059,"Holmes, FL"
360,12061,"Indian River, FL"
361,12063,"Jackson, FL"
362,12065,"Jefferson, FL"
363,12067,"Lafayette, FL"
364,12069,"Lake, FL"
365,12071,"Lee, FL"
366,12073,"Leon, FL"
367,12075,"Levy, FL"
368,12077,"Liberty, FL"
369,12079,"Madison, FL"
370,12081,"Manatee, FL"
371,12083,"Marion, FL"
372,12085,"Martin, FL"
373,12086,"Miami-Dade, FL"
374,12087,"Monroe, FL"
375,12089,"Nassau, FL"
376,12091,"Okaloosa, FL"
377,12093,"Okeechobee, FL"
378,12095,"Orange, FL"
379,12097,"Osceola, FL"
380,12099,"Palm Beach, FL"
381,12101,"Pasco, FL"
382,12103,"Pinellas, FL"
383,12105,"Polk, FL"
384,12107,"Putnam, FL"
385,12109,"St. Johns, FL"
386,12111,"St. Lucie, FL"
387,12113,"Santa Rosa, FL"
388,12115,"Sarasota, FL"
389,12117,"Seminole, FL"
390,12119,"Sumter, FL"
391,12121,"Suwannee, FL"
392,12123,"Taylor, FL"
393,12125,"Union, FL"
394,12127,"Volusia, FL"
395,12129,"Wakulla, FL"
396,12131,"Walton, FL"
397,12133,"Washington, FL"
399,13001,"Appling, GA"
400,13003,"Atkinson, GA"
401,13005,"Bacon, GA"
402,13007,"Baker, GA"
403,13009,"Baldwin, GA"
404,13011,"Banks, GA"
405,13013,"Barrow, GA"
406,13015,"Bartow, GA"
407,13017,"Ben Hill, GA"
408,13019,"Berrien, GA"
409,13021,"Bibb, GA"
410,13023,"Bleckley, GA"
411,13025,"Brantley, GA"
412,13027,"Brooks, GA"
413,13029,"Bryan, GA"
414,13031,"Bulloch, GA"
415,13033,"Burke, GA"
416,13035,"Butts, GA"
417,13037,"Calhoun, GA"
418,13039,"Camden, GA"
419,13043,"Candler, GA"
420,13045,"Carroll, GA"
421,13047,"Catoosa, GA"
422,13049,"Charlton, GA"
423,13051,"Chatham, GA"
424,13053,"Chattahoochee, GA"
425,13055,"Chattooga, GA"
426,13057,"Cherokee, GA"
427,13059,"Clarke, GA"
428,13061,"Clay, GA"
429,13063,"Clayton, GA"
430,13065,"Clinch, GA"
431,13067,"Cobb, GA"
432,13069,"Coffee, GA"
433,13071,"Colquitt, GA"
434,13073,"Columbia, GA"
435,13075,"Cook, GA"
436,13077,"Coweta, GA"
437,13079,"Crawford, GA"
438,13081,"Crisp, GA"
439,13083,"Dade, GA"
440,13085,"Dawson, GA"
441,13087,"Decatur, GA"
442,13089,"DeKalb, GA"
443,13091,"Dodge, GA"
444,13093,"Dooly, GA"
445,13095,"Dougherty, GA"
446,13097,"Douglas, GA"
447,13099,"Early, GA"
448,13101,"Echols, GA"
449,13103,"Effingham, GA"
450,13105,"Elbert, GA"
451,13107,"Emanuel, GA"
452,13109,"Evans, GA"
453,13111,"Fannin, GA"
454,13113,"Fayette, GA"
455,13115,"Floyd, GA"
456,13117,"Forsyth, GA"
457,13119,"Franklin, GA"
458,13121,"Fulton, GA"
459,13123,"Gilmer, GA"
460,13125,"Glascock, GA"
461,13127,"Glynn, GA"
462,13129,"Gordon, GA"
463,13131,"Grady, GA"
464,13133,"Greene, GA"
465,13135,"Gwinnett, GA"
466,13137,"Habersham, GA"
467,13139,"Hall, GA"
468,13141,"Hancock, GA"
469,13143,"Haralson, GA"
470,13145,"Harris, GA"
471,13147,"Hart, GA"
472,13149,"Heard, GA"
473,13151,"Henry, GA"
474,13153,"Houston, GA"
475,13155,"Irwin, GA"
476,13157,"Jackson, GA"
477,13159,"Jasper, GA"
478,13161,"Jeff Davis, GA"
479,13163,"Jefferson, GA"
480,13165,"Jenkins, GA"
481,13167,"Johnson, GA"
482,13169,"Jones, GA"
483,13171,"Lamar, GA"
484,13173,"Lanier, GA"
485,13175,"Laurens, GA"
486,13177,"Lee, GA"
487,13179,"Liberty, GA"
488,13181,"Lincoln, GA"
489,13183,"Long, GA"
490,13185,"Lowndes, GA"
491,13187,"Lumpkin, GA"
492,13189,"McDuffie, GA"
493,13191,"McIntosh, GA"
494,13193,"Macon, GA"
495,13195,"Madison, GA"
496,13197,"Marion, GA"
497,13199,"Meriwether, GA"
498,13201,"Miller, GA"
499,13205,"Mitchell, GA"
500,13207,"Monroe, GA"
501,13209,"Montgomery, GA"
502,13211,"Morgan, GA"
503,13213,"Murray, GA"
504,13215,"Muscogee, GA"
505,13217,"Newton, GA"
506,13219,"Oconee, GA"
507,13221,"Oglethorpe, GA"
508,13223,"Paulding, GA"
509,13225,"Peach, GA"
510,13227,"Pickens, GA"
511,13229,"Pierce, GA"
512,13231,"Pike, GA"
513,13233,"Polk, GA"
514,13235,"Pulaski, GA"
515,13237,"Putnam, GA"
516,13239,"Quitman, GA"
517,13241,"Rabun, GA"
518,13243,"Randolph, GA"
519,13245,"Richmond, GA"
520,13247,"Rockdale, GA"
521,13249,"Schley, GA"
522,13251,"Screven, GA"
523,13253,"Seminole, GA"
524,13255,"Spalding, GA"
525,13257,"Stephens, GA"
526,13259,"Stewart, GA"
527,13261,"Sumter, GA"
528,13263,"Talbot, GA"
529,13265,"Taliaferro, GA"
530,13267,"Tattnall, GA"
531,13269,"Taylor, GA"
532,13271,"Telfair, GA"
533,13273,"Terrell, GA"
534,13275,"Thomas, GA"
535,13277,"Tift, GA"
536,13279,"Toombs, GA"
537,13281,"Towns, GA"
538,13283,"Treutlen, GA"
539,13285,"Troup, GA"
540,13287,"Turner, GA"
541,13289,"Twiggs, GA"
542,13291,"Union, GA"
543,13293,"Upson, GA"
544,13295,"Walker, GA"
545,13297,"Walton, GA"
546,13299,"Ware, GA"
547,13301,"Warren, GA"
548,13303,"Washington, GA"
549,13305,"Wayne, GA"
550,13307,"Webster, GA"
551,13309,"Wheeler, GA"
552,13311,"White, GA"
553,13313,"Whitfield, GA"
554,13315,"Wilcox, GA"
555,13317,"Wilkes, GA"
556,13319,"Wilkinson, GA"
557,13321,"Worth, GA"
559,15001,"Hawaii, HI"
560,15003,"Honolulu, HI"
561,15005,"Kalawao, HI"
562,15007,"Kauai, HI"
563,15009,"Maui, HI"
565,16001,"Ada, ID"
566,16003,"Adams, ID"
567,16005,"Bannock, ID"
568,16007,"Bear Lake, ID"
569,16009,"Benewah, ID"
570,16011,"Bingham, ID"
571,16013,"Blaine, ID"
572,16015,"Boise, ID"
573,16017,"Bonner, ID"
574,16019,"Bonneville, ID"
575,16021,"Boundary, ID"
576,16023,"Butte, ID"
577,16025,"Camas, ID"
578,16027,"Canyon, ID"
579,16029,"Caribou, ID"
580,16031,"Cassia, ID"
581,16033,"Clark, ID"
582,16035,"Clearwater, ID"
583,16037,"Custer, ID"
584,16039,"Elmore, ID"
585,16041,"Franklin, ID"
586,16043,"Fremont, ID"
587,16045,"Gem, ID"
588,16047,"Gooding, ID"
589,16049,"Idaho, ID"
590,16051,"Jefferson, ID"
591,16053,"Jerome, ID"
592,16055,"Kootenai, ID"
593,16057,"Latah, ID"
594,16059,"Lemhi, ID"
595,16061,"Lewis, ID"
596,16063,"Lincoln, ID"
597,16065,"Madison, ID"
598,16067,"Minidoka, ID"
599,16069,"Nez Perce, ID"
600,16071,"Oneida, ID"
601,16073,"Owyhee, ID"
602,16075,"Payette, ID"
603,16077,"Power, ID"
604,16079,"Shoshone, ID"
605,16081,"Teton, ID"
606,16083,"Twin Falls, ID"
607,16085,"Valley, ID"
608,16087,"Washington, ID"
610,17001,"Adams, IL"
611,17003,"Alexander, IL"
612,17005,"Bond, IL"
613,17007,"Boone, IL"
614,17009,"Brown, IL"
615,17011,"Bureau, IL"
616,17013,"Calhoun, IL"
617,17015,"Carroll, IL"
618,17017,"Cass, IL"
619,17019,"Champaign, IL"
620,17021,"Christian, IL"
621,17023,"Clark, IL"
622,17025,"Clay, IL"
623,17027,"Clinton, IL"
624,17029,"Coles, IL"
625,17031,"Cook, IL"
626,17033,"Crawford, IL"
627,17035,"Cumberland, IL"
628,17037,"DeKalb, IL"
629,17039,"De Witt, IL"
630,17041,"Douglas, IL"
631,17043,"DuPage, IL"
632,17045,"Edgar, IL"
633,17047,"Edwards, IL"
634,17049,"Effingham, IL"
635,17051,"Fayette, IL"
636,17053,"Ford, IL"
637,17055,"Franklin, IL"
638,17057,"Fulton, IL"
639,17059,"Gallatin, IL"
640,17061,"Greene, IL"
641,17063,"Grundy, IL"
642,17065,"Hamilton, IL"
643,17067,"Hancock, IL"
644,17069,"Hardin, IL"
645,17071,"Henderson, IL"
646,17073,"Henry, IL"
647,17075,"Iroquois, IL"
648,17077,"Jackson, IL"
649,17079,"Jasper, IL"
650,17081,"Jefferson, IL"
651,17083,"Jersey, IL"
652,17085,"Jo Daviess, IL"
653,17087,"Johnson, IL"
654,17089,"Kane, IL"
655,17091,"Kankakee, IL"
656,17093,"Kendall, IL"
657,17095,"Knox, IL"
658,17097,"Lake, IL"
659,17099,"LaSalle, IL"
660,17101,"Lawrence, IL"
661,17103,"Lee, IL"
662,17105,"Livingston, IL"
663,17107,"Logan, IL"
664,17109,"McDonough, IL"
665,17111,"McHenry, IL"
666,17113,"McLean, IL"
667,17115,"Macon, IL"
668,17117,"Macoupin, IL"
669,17119,"Madison, IL"
670,17121,"Marion, IL"
671,17123,"Marshall, IL"
672,17125,"Mason, IL"
673,17127,"Massac, IL"
674,17129,"Menard, IL"
675,17131,"Mercer, IL"
676,17133,"Monroe, IL"
677,17135,"Montgomery, IL"
678,17137,"Morgan, IL"
679,17139,"Moultrie, IL"
680,17141,"Ogle, IL"
681,17143,"Peoria, IL"
682,17145,"Perry, IL"
683,17147,"Piatt, IL"
684,17149,"Pike, IL"
685,17151,"Pope, IL"
686,17153,"Pulaski, IL"
687,17155,"Putnam, IL"
688,17157,"Randolph, IL"
689,17159,"Richland, IL"
690,17161,"Rock Island, IL"
691,17163,"St. Clair, IL"
692,17165,"Saline, IL"
693,17167,"Sangamon, IL"
694,17169,"Schuyler, IL"
695,17171,"Scott, IL"
696,17173,"Shelby, IL"
697,17175,"Stark, IL"
698,17177,"Stephenson, IL"
699,17179,"Tazewell, IL"
700,17181,"Union, IL"
701,17183,"Vermilion, IL"
702,17185,"Wabash, IL"
703,17187,"Warren, IL"
704,17189,"Washington, IL"
705,17191,"Wayne, IL"
706,17193,"White, IL"
707,17195,"Whiteside, IL"
708,17197,"Will, IL"
709,17199,"Williamson, IL"
710,17201,"Winnebago, IL"
711,17203,"Woodford, IL"
713,18001,"Adams, IN"
714,18003,"Allen, IN"
715,18005,"Bartholomew, IN"
716,18007,"Benton, IN"
717,18009,"Blackford, IN"
718,18011,"Boone, IN"
719,18013,"Brown, IN"
720,18015,"Carroll, IN"
721,18017,"Cass, IN"
722,18019,"Clark, IN"
723,18021,"Clay, IN"
724,18023,"Clinton, IN"
725,18025,"Crawford, IN"
726,18027,"Daviess, IN"
727,18029,"Dearborn, IN"
728,18031,"Decatur, IN"
729,18033,"DeKalb, IN"
730,18035,"Delaware, IN"
731,18037,"Dubois, IN"
732,18039,"Elkhart, IN"
733,18041,"Fayette, IN"
734,18043,"Floyd, IN"
735,18045,"Fountain, IN"
736,18047,"Franklin, IN"
737,18049,"Fulton, IN"
738,18051,"Gibson, IN"
739,18053,"Grant, IN"
740,18055,"Greene, IN"
741,18057,"Hamilton, IN"
742,18059,"Hancock, IN"
743,18061,"Harrison, IN"
744,18063,"Hendricks, IN"
745,18065,"Henry, IN"
746,18067,"Howard, IN"
747,18069,"Huntington, IN"
748,18071,"Jackson, IN"
749,18073,"Jasper, IN"
750,18075,"Jay, IN"
751,18077,"Jefferson, IN"
752,18079,"Jennings, IN"
753,18081,"Johnson, IN"
754,18083,"Knox, IN"
755,18085,"Kosciusko, IN"
756,18087,"LaGrange, IN"
757,18089,"Lake, IN"
758,18091,"LaPorte, IN"
759,18093,"Lawrence, IN"
760,18095,"Madison, IN"
761,18097,"Marion, IN"
762,18099,"Marshall, IN"
763,18101,"Martin, IN"
764,18103,"Miami, IN"
765,18105,"Monroe, IN"
766,18107,"Montgomery, IN"
767,18109,"Morgan, IN"
768,18111,"Newton, IN"
769,18113,"Noble, IN"
770,18115,"Ohio, IN"
771,18117,"Orange, IN"
772,18119,"Owen, IN"
773,18121,"Parke, IN"
774,18123,"Perry, IN"
775,18125,"Pike, IN"
776,18127,"Porter, IN"
777,18129,"Posey, IN"
778,18131,"Pulaski, IN"
779,18133,"Putnam, IN"
780,18135,"Randolph, IN"
781,18137,"Ripley, IN"
782,18139,"Rush, IN"
783,18141,"St. Joseph, IN"
784,18143,"Scott, IN"
785,18145,"Shelby, IN"
786,18147,"Spencer, IN"
787,18149,"Starke, IN"
788,18151,"Steuben, IN"
789,18153,"Sullivan, IN"
790,18155,"Switzerland, IN"
791,18157,"Tippecanoe, IN"
792,18159,"Tipton, IN"
793,18161,"Union, IN"
794,18163,"Vanderburgh, IN"
795,18165,"Vermillion, IN"
796,18167,"Vigo, IN"
797,18169,"Wabash, IN"
798,18171,"Warren, IN"
799,18173,"Warrick, IN"
800,18175,"Washington, IN"
801,18177,"Wayne, IN"
802,18179,"Wells, IN"
803,18181,"White, IN"
804,18183,"Whitley, IN"
806,19001,"Adair, IA"
807,19003,"Adams, IA"
808,19005,"Allamakee, IA"
809,19007,"Appanoose, IA"
810,19009,"Audubon, IA"
811,19011,"Benton, IA"
812,19013,"Black Hawk, IA"
813,19015,"Boone, IA"
814,19017,"Bremer, IA"
815,19019,"Buchanan, IA"
816,19021,"Buena Vista, IA"
817,19023,"Butler, IA"
818,19025,"Calhoun, IA"
819,19027,"Carroll, IA"
820,19029,"Cass, IA"
821,19031,"Cedar, IA"
822,19033,"Cerro Gordo, IA"
823,19035,"Cherokee, IA"
824,19037,"Chickasaw, IA"
825,19039,"Clarke, IA"
826,19041,"Clay, IA"
827,19043,"Clayton, IA"
828,19045,"Clinton, IA"
829,19047,"Crawford, IA"
830,19049,"Dallas, IA"
831,19051,"Davis, IA"
832,19053,"Decatur, IA"
833,19055,"Delaware, IA"
834,19057,"Des Moines, IA"
835,19059,"Dickinson, IA"
836,19061,"Dubuque, IA"
837,19063,"Emmet, IA"
838,19065,"Fayette, IA"
839,19067,"Floyd, IA"
840,19069,"Franklin, IA"
841,19071,"Fremont, IA"
842,19073,"Greene, IA"
843,19075,"Grundy, IA"
844,19077,"Guthrie, IA"
845,19079,"Hamilton, IA"
846,19081,"Hancock, IA"
847,19083,"Hardin, IA"
848,19085,"Harrison, IA"
849,19087,"Henry, IA"
850,19089,"Howard, IA"
851,19091,"Humboldt, IA"
852,19093,"Ida, IA"
853,19095,"Iowa, IA"
854,19097,"Jackson, IA"
855,19099,"Jasper, IA"
856,19101,"Jefferson, IA"
857,19103,"Johnson, IA"
858,19105,"Jones, IA"
859,19107,"Keokuk, IA"
860,19109,"Kossuth, IA"
861,19111,"Lee, IA"
862,19113,"Linn, IA"
863,19115,"Louisa, IA"
864,19117,"Lucas, IA"
865,19119,"Lyon, IA"
866,19121,"Madison, IA"
867,19123,"Mahaska, IA"
868,19125,"Marion, IA"
869,19127,"Marshall, IA"
870,19129,"Mills, IA"
871,19131,"Mitchell, IA"
872,19133,"Monona, IA"
873,19135,"Monroe, IA"
874,19137,"Montgomery, IA"
875,19139,"Muscatine, IA"
876,19141,"O'Brien, IA"
877,19143,"Osceola, IA"
878,19145,"Page, IA"
879,19147,"Palo Alto, IA"
880,19149,"Plymouth, IA"
881,19151,"Pocahontas, IA"
882,19153,"Polk, IA"
883,19155,"Pottawattamie, IA"
884,19157,"Poweshiek, IA"
885,19159,"Ringgold, IA"
886,19161,"Sac, IA"
887,19163,"Scott, IA"
888,19165,"Shelby, IA"
889,19167,"Sioux, IA"
890,19169,"Story, IA"
891,19171,"Tama, IA"
892,19173,"Taylor, IA"
893,19175,"Union, IA"
894,19177,"Van Buren, IA"
895,19179,"Wapello, IA"
896,19181,"Warren, IA"
897,19183,"Washington, IA"
898,19185,"Wayne, IA"
899,19187,"Webster, IA"
900,19189,"Winnebago, IA"
901,19191,"Winneshiek, IA"
902,19193,"Woodbury, IA"
903,19195,"Worth, IA"
904,19197,"Wright, IA"
906,20001,"Allen, KS"
907,20003,"Anderson, KS"
908,20005,"Atchison, KS"
909,20007,"Barber, KS"
910,20009,"Barton, KS"
911,20011,"Bourbon, KS"
912,20013,"Brown, KS"
913,20015,"Butler, KS"
914,20017,"Chase, KS"
915,20019,"Chautauqua, KS"
916,20021,"Cherokee, KS"
917,20023,"Cheyenne, KS"
918,20025,"Clark, KS"
919,20027,"Clay, KS"
920,20029,"Cloud, KS"
921,20031,"Coffey, KS"
922,20033,"Comanche, KS"
923,20035,"Cowley, KS"
924,20037,"Crawford, KS"
925,20039,"Decatur, KS"
926,20041,"Dickinson, KS"
927,20043,"Doniphan, KS"
928,20045,"Douglas, KS"
929,20047,"Edwards, KS"
930,20049,"Elk, KS"
931,20051,"Ellis, KS"
932,20053,"Ellsworth, KS"
933,20055,"Finney, KS"
934,20057,"Ford, KS"
935,20059,"Franklin, KS"
936,20061,"Geary, KS"
937,20063,"Gove, KS"
938,20065,"Graham, KS"
939,20067,"Grant, KS"
940,20069,"Gray, KS"
941,20071,"Greeley, KS"
942,20073,"Greenwood, KS"
943,20075,"Hamilton, KS"
944,20077,"Harper, KS"
945,20079,"Harvey, KS"
946,20081,"Haskell, KS"
947,20083,"Hodgeman, KS"
948,20085,"Jackson, KS"
949,20087,"Jefferson, KS"
950,20089,"Jewell, KS"
951,20091,"Johnson, KS"
952,20093,"Kearny, KS"
953,20095,"Kingman, KS"
954,20097,"Kiowa, KS"
955,20099,"Labette, KS"
956,20101,"Lane, KS"
957,20103,"Leavenworth, KS"
958,20105,"Lincoln, KS"
959,20107,"Linn, KS"
960,20109,"Logan, KS"
961,20111,"Lyon, KS"
962,20113,"McPherson, KS"
963,20115,"Marion, KS"
964,20117,"Marshall, KS"
965,20119,"Meade, KS"
966,20121,"Miami, KS"
967,20123,"Mitchell, KS"
968,20125,"Montgomery, KS"
969,20127,"Morris, KS"
970,20129,"Morton, KS"
971,20131,"Nemaha, KS"
972,20133,"Neosho, KS"
973,20135,"Ness, KS"
974,20137,"Norton, KS"
975,20139,"Osage, KS"
976,20141,"Osborne, KS"
977,20143,"Ottawa, KS"
978,20145,"Pawnee, KS"
979,20147,"Phillips, KS"
980,20149,"Pottawatomie, KS"
981,20151,"Pratt, KS"
982,20153,"Rawlins, KS"
983,20155,"Reno, KS"
984,20157,"Republic, KS"
985,20159,"Rice, KS"
986,20161,"Riley, KS"
987,20163,"Rooks, KS"
988,20165,"Rush, KS"
989,20167,"Russell, KS"
990,20169,"Saline, KS"
991,20171,"Scott, KS"
992,20173,"Sedgwick, KS"
993,20175,"Seward, KS"
994,20177,"Shawnee, KS"
995,20179,"Sheridan, KS"
996,20181,"Sherman, KS"
997,20183,"Smith, KS"
998,20185,"Stafford, KS"
999,20187,"Stanton, KS"
1000,20189,"Stevens, KS"
1001,20191,"Sumner, KS"
1002,20193,"Thomas, KS"
1003,20195,"Trego, KS"
1004,20197,"Wabaunsee, KS"
1005,20199,"Wallace, KS"
1006,20201,"Washington, KS"
1007,20203,"Wichita, KS"
1008,20205,"Wilson, KS"
1009,20207,"Woodson, KS"
1010,20209,"Wyandotte, KS"
1012,21001,"Adair, KY"
1013,21003,"Allen, KY"
1014,21005,"Anderson, KY"
1015,21007,"Ballard, KY"
1016,21009,"Barren, KY"
1017,21011,"Bath, KY"
1018,21013,"Bell, KY"
1019,21015,"Boone, KY"
1020,21017,"Bourbon, KY"
1021,21019,"Boyd, KY"
1022,21021,"Boyle, KY"
1023,21023,"Bracken, KY"
1024,21025,"Breathitt, KY"
1025,21027,"Breckinridge, KY"
1026,21029,"Bullitt, KY"
1027,21031,"Butler, KY"
1028,21033,"Caldwell, KY"
1029,21035,"Calloway, KY"
1030,21037,"Campbell, KY"
1031,21039,"Carlisle, KY"
1032,21041,"Carroll, KY"
1033,21043,"Carter, KY"
1034,21045,"Casey, KY"
1035,21047,"Christian, KY"
1036,21049,"Clark, KY"
1037,21051,"Clay, KY"
1038,21053,"Clinton, KY"
1039,21055,"Crittenden, KY"
1040,21057,"Cumberland, KY"
1041,21059,"Daviess, KY"
1042,21061,"Edmonson, KY"
1043,21063,"Elliott, KY"
1044,21065,"Estill, KY"
1045,21067,"Fayette, KY"
1046,21069,"Fleming, KY"
1047,21071,"Floyd, KY"
1048,21073,"Franklin, KY"
1049,21075,"Fulton, KY"
1050,21077,"Gallatin, KY"
1051,21079,"Garrard, KY"
1052,21081,"Grant, KY"
1053,21083,"Graves, KY"
1054,21085,"Grayson, KY"
1055,21087,"Green, KY"
1056,21089,"Greenup, KY"
1057,21091,"Hancock, KY"
1058,21093,"Hardin, KY"
1059,21095,"Harlan, KY"
1060,21097,"Harrison, KY"
1061,21099,"Hart, KY"
1062,21101,"Henderson, KY"
1063,21103,"Henry, KY"
1064,21105,"Hickman, KY"
1065,21107,"Hopkins, KY"
1066,21109,"Jackson, KY"
1067,21111,"Jefferson, KY"
1068,21113,"Jessamine, KY"
1069,21115,"Johnson, KY"
1070,21117,"Kenton, KY"
1071,21119,"Knott, KY"
1072,21121,"Knox, KY"
1073,21123,"Larue, KY"
1074,21125,"Laurel, KY"
1075,21127,"Lawrence, KY"
1076,21129,"Lee, KY"
1077,21131,"Leslie, KY"
1078,21133,"Letcher, KY"
1079,21135,"Lewis, KY"
1080,21137,"Lincoln, KY"
1081,21139,"Livingston, KY"
1082,21141,"Logan, KY"
1083,21143,"Lyon, KY"
1084,21145,"McCracken, KY"
1085,21147,"McCreary, KY"
1086,21149,"McLean, KY"
1087,21151,"Madison, KY"
1088,21153,"Magoffin, KY"
1089,21155,"Marion, KY"
1090,21157,"Marshall, KY"
1091,21159,"Martin, KY"
1092,21161,"Mason, KY"
1093,21163,"Meade, KY"
1094,21165,"Menifee, KY"
1095,21167,"Mercer, KY"
1096,21169,"Metcalfe, KY"
1097,21171,"Monroe, KY"
1098,21173,"Montgomery, KY"
1099,21175,"Morgan, KY"
1100,21177,"Muhlenberg, KY"
1101,21179,"Nelson, KY"
1102,21181,"Nicholas, KY"
1103,21183,"Ohio, KY"
1104,21185,"Oldham, KY"
1105,21187,"Owen, KY"
1106,21189,"Owsley, KY"
1107,21191,"Pendleton, KY"
1108,21193,"Perry, KY"
1109,21195,"Pike, KY"
1110,21197,"Powell, KY"
1111,21199,"Pulaski, KY"
1112,21201,"Robertson, KY"
1113,21203,"Rockcastle, KY"
1114,21205,"Rowan, KY"
1115,21207,"Russell, KY"
1116,21209,"Scott, KY"
1117,21211,"Shelby, KY"
1118,21213,"Simpson, KY"
1119,21215,"Spencer, KY"
1120,21217,"Taylor, KY"
1121,21219,"Todd, KY"
1122,21221,"Trigg, KY"
1123,21223,"Trimble, KY"
1124,21225,"Union, KY"
1125,21227,"Warren, KY"
1126,21229,"Washington, KY"
1127,21231,"Wayne, KY"
1128,21233,"Webster, KY"
1129,21235,"Whitley, KY"
1130,21237,"Wolfe, KY"
1131,21239,"Woodford, KY"
1133,22001,"Acadia, LA"
1134,22003,"Allen, LA"
1135,22005,"Ascension, LA"
1136,22007,"Assumption, LA"
1137,22009,"Avoyelles, LA"
1138,22011,"Beauregard, LA"
1139,22013,"Bienville, LA"
1140,22015,"Bossier, LA"
1141,22017,"Caddo, LA"
1142,22019,"Calcasieu, LA"
1143,22021,"Caldwell, LA"
1144,22023,"Cameron, LA"
1145,22025,"Catahoula, LA"
1146,22027,"Claiborne, LA"
1147,22029,"Concordia, LA"
1148,22031,"De Soto, LA"
1149,22033,"East Baton Rouge, LA"
1150,22035,"East Carroll, LA"
1151,22037,"East Feliciana, LA"
1152,22039,"Evangeline, LA"
1153,22041,"Franklin, LA"
1154,22043,"Grant, LA"
1155,22045,"Iberia, LA"
1156,22047,"Iberville, LA"
1157,22049,"Jackson, LA"
1158,22051,"Jefferson, LA"
1159,22053,"Jefferson Davis, LA"
1160,22055,"Lafayette, LA"
1161,22057,"Lafourche, LA"
1162,22059,"La Salle, LA"
1163,22061,"Lincoln, LA"
1164,22063,"Livingston, LA"
1165,22065,"Madison, LA"
1166,22067,"Morehouse, LA"
1167,22069,"Natchitoches, LA"
1168,22071,"Orleans, LA"
1169,22073,"Ouachita, LA"
1170,22075,"Plaquemines, LA"
1171,22077,"Pointe Coupee, LA"
1172,22079,"Rapides, LA"
1173,22081,"Red River, LA"
1174,22083,"Richland, LA"
1175,22085,"Sabine, LA"
1176,22087,"St. Bernard, LA"
1177,22089,"St. Charles, LA"
1178,22091,"St. Helena, LA"
1179,22093,"St. James, LA"
1180,22095,"St. John the Baptist, LA"
1181,22097,"St. Landry, LA"
1182,22099,"St. Martin, LA"
1183,22101,"St. Mary, LA"
1184,22103,"St. Tammany, LA"
1185,22105,"Tangipahoa, LA"
1186,22107,"Tensas, LA"
1187,22109,"Terrebonne, LA"
1188,22111,"Union, LA"
1189,22113,"Vermilion, LA"
1190,22115,"Vernon, LA"
1191,22117,"Washington, LA"
1192,22119,"Webster, LA"
1193,22121,"West Baton Rouge, LA"
1194,22123,"West Carroll, LA"
1195,22125,"West Feliciana, LA"
1196,22127,"Winn, LA"
1198,23001,"Androscoggin, ME"
1199,23003,"Aroostook, ME"
1200,23005,"Cumberland, ME"
1201,23007,"Franklin, ME"
1202,23009,"Hancock, ME"
1203,23011,"Kennebec, ME"
1204,23013,"Knox, ME"
1205,23015,"Lincoln, ME"
1206,23017,"Oxford, ME"
1207,23019,"Penobscot, ME"
1208,23021,"Piscataquis, ME"
1209,23023,"Sagadahoc, ME"
1210,23025,"Somerset, ME"
1211,23027,"Waldo, ME"
1212,23029,"Washington, ME"
1213,23031,"York, ME"
1215,24001,"Allegany, MD"
1216,24003,"Anne Arundel, MD"
1217,24005,"Baltimore, MD"
1218,24009,"Calvert, MD"
1219,24011,"Caroline, MD"
1220,24013,"Carroll, MD"
1221,24015,"Cecil, MD"
1222,24017,"Charles, MD"
1223,24019,"Dorchester, MD"
1224,24021,"Frederick, MD"
1225,24023,"Garrett, MD"
1226,24025,"Harford, MD"
1227,24027,"Howard, MD"
1228,24029,"Kent, MD"
1229,24031,"Montgomery, MD"
1230,24033,"Prince George's, MD"
1231,24035,"Queen Anne's, MD"
1232,24037,"St. Mary's, MD"
1233,24039,"Somerset, MD"
1234,24041,"Talbot, MD"
1235,24043,"Washington, MD"
1236,24045,"Wicomico, MD"
1237,24047,"Worcester, MD"
1238,24510,"Baltimore city, MD"
1240,25001,"Barnstable, MA"
1241,25003,"Berkshire, MA"
1242,25005,"Bristol, MA"
1243,25007,"Dukes, MA"
1244,25009,"Essex, MA"
1245,25011,"Franklin, MA"
1246,25013,"Hampden, MA"
1247,25015,"Hampshire, MA"
1248,25017,"Middlesex, MA"
1249,25019,"Nantucket, MA"
1250,25021,"Norfolk, MA"
1251,25023,"Plymouth, MA"
1252,25025,"Suffolk, MA"
1253,25027,"Worcester, MA"
1255,26001,"Alcona, MI"
1256,26003,"Alger, MI"
1257,26005,"Allegan, MI"
1258,26007,"Alpena, MI"
1259,26009,"Antrim, MI"
1260,26011,"Arenac, MI"
1261,26013,"Baraga, MI"
1262,26015,"Barry, MI"
1263,26017,"Bay, MI"
1264,26019,"Benzie, MI"
1265,26021,"Berrien, MI"
1266,26023,"Branch, MI"
1267,26025,"Calhoun, MI"
1268,26027,"Cass, MI"
1269,26029,"Charlevoix, MI"
1270,26031,"Cheboygan, MI"
1271,26033,"Chippewa, MI"
1272,26035,"Clare, MI"
1273,26037,"Clinton, MI"
1274,26039,"Crawford, MI"
1275,26041,"Delta, MI"
1276,26043,"Dickinson, MI"
1277,26045,"Eaton, MI"
1278,26047,"Emmet, MI"
1279,26049,"Genesee, MI"
1280,26051,"Gladwin, MI"
1281,26053,"Gogebic, MI"
1282,26055,"Grand Traverse, MI"
1283,26057,"Gratiot, MI"
1284,26059,"Hillsdale, MI"
1285,26061,"Houghton, MI"
1286,26063,"Huron, MI"
1287,26065,"Ingham, MI"
1288,26067,"Ionia, MI"
1289,26069,"Iosco, MI"
1290,26071,"Iron, MI"
1291,26073,"Isabella, MI"
1292,26075,"Jackson, MI"
1293,26077,"Kalamazoo, MI"
1294,26079,"Kalkaska, MI"
1295,26081,"Kent, MI"
1296,26083,"Keweenaw, MI"
1297,26085,"Lake, MI"
1298,26087,"Lapeer, MI"
1299,26089,"Leelanau, MI"
1300,26091,"Lenawee, MI"
1301,26093,"Livingston, MI"
1302,26095,"Luce, MI"
1303,26097,"Mackinac, MI"
1304,26099,"Macomb, MI"
1305,26101,"Manistee, MI"
1306,26103,"Marquette, MI"
1307,26105,"Mason, MI"
1308,26107,"Mecosta, MI"
1309,26109,"Menominee, MI"
1310,26111,"Midland, MI"
1311,26113,"Missaukee, MI"
1312,26115,"Monroe, MI"
1313,26117,"Montcalm, MI"
1314,26119,"Montmorency, MI"
1315,26121,"Muskegon, MI"
1316,26123,"Newaygo, MI"
1317,26125,"Oakland, MI"
1318,26127,"Oceana, MI"
1319,26129,"Ogemaw, MI"
1320,26131,"Ontonagon, MI"
1321,26133,"Osceola, MI"
1322,26135,"Oscoda, MI"
1323,26137,"Otsego, MI"
1324,26139,"Ottawa, MI"
1325,26141,"Presque Isle, MI"
1326,26143,"Roscommon, MI"
1327,26145,"Saginaw, MI"
1328,26147,"St. Clair, MI"
1329,26149,"St. Joseph, MI"
1330,26151,"Sanilac, MI"
1331,26153,"Schoolcraft, MI"
1332,26155,"Shiawassee, MI"
1333,26157,"Tuscola, MI"
1334,26159,"Van Buren, MI"
1335,26161,"Washtenaw, MI"
1336,26163,"Wayne, MI"
1337,26165,"Wexford, MI"
1339,27001,"Aitkin, MN"
1340,27003,"Anoka, MN"
1341,27005,"Becker, MN"
1342,27007,"Beltrami, MN"
1343,27009,"Benton, MN"
1344,27011,"Big Stone, MN"
1345,27013,"Blue Earth, MN"
1346,27015,"Brown, MN"
1347,27017,"Carlton, MN"
1348,27019,"Carver, MN"
1349,27021,"Cass, MN"
1350,27023,"Chippewa, MN"
1351,27025,"Chisago, MN"
1352,27027,"Clay, MN"
1353,27029,"Clearwater, MN"
1354,27031,"Cook, MN"
1355,27033,"Cottonwood, MN"
1356,27035,"Crow Wing, MN"
1357,27037,"Dakota, MN"
1358,27039,"Dodge, MN"
1359,27041,"Douglas, MN"
1360,27043,"Faribault, MN"
1361,27045,"Fillmore, MN"
1362,27047,"Freeborn, MN"
1363,27049,"Goodhue, MN"
1364,27051,"Grant, MN"
1365,27053,"Hennepin, MN"
1366,27055,"Houston, MN"
1367,27057,"Hubbard, MN"
1368,27059,"Isanti, MN"
1369,27061,"Itasca, MN"
1370,27063,"Jackson, MN"
1371,27065,"Kanabec, MN"
1372,27067,"Kandiyohi, MN"
1373,27069,"Kittson, MN"
1374,27071,"Koochiching, MN"
1375,27073,"Lac qui Parle, MN"
1376,27075,"Lake, MN"
1377,27077,"Lake of the Woods, MN"
1378,27079,"Le Sueur, MN"
1379,27081,"Lincoln, MN"
1380,27083,"Lyon, MN"
1381,27085,"McLeod, MN"
1382,27087,"Mahnomen, MN"
1383,27089,"Marshall, MN"
1384,27091,"Martin, MN"
1385,27093,"Meeker, MN"
1386,27095,"Mille Lacs, MN"
1387,27097,"Morrison, MN"
1388,27099,"Mower, MN"
1389,27101,"Murray, MN"
1390,27103,"Nicollet, MN"
1391,27105,"Nobles, MN"
1392,27107,"Norman, MN"
1393,27109,"Olmsted, MN"
1394,27111,"Otter Tail, MN"
1395,27113,"Pennington, MN"
1396,27115,"Pine, MN"
1397,27117,"Pipestone, MN"
1398,27119,"Polk, MN"
1399,27121,"Pope, MN"
1400,27123,"Ramsey, MN"
1401,27125,"Red Lake, MN"
1402,27127,"Redwood, MN"
1403,27129,"Renville, MN"
1404,27131,"Rice, MN"
1405,27133,"Rock, MN"
1406,27135,"Roseau, MN"
1407,27137,"St. Louis, MN"
1408,27139,"Scott, MN"
1409,27141,"Sherburne, MN"
1410,27143,"Sibley, MN"
1411,27145,"Stearns, MN"
1412,27147,"Steele, MN"
1413,27149,"Stevens, MN"
1414,27151,"Swift, MN"
1415,27153,"Todd, MN"
1416,27155,"Traverse, MN"
1417,27157,"Wabasha, MN"
1418,27159,"Wadena, MN"
1419,27161,"Waseca, MN"
1420,27163,"Washington, MN"
1421,27165,"Watonwan, MN"
1422,27167,"Wilkin, MN"
1423,27169,"Winona, MN"
1424,27171,"Wright, MN"
1425,27173,"Yellow Medicine, MN"
1427,28001,"Adams, MS"
1428,28003,"Alcorn, MS"
1429,28005,"Amite, MS"
1430,28007,"Attala, MS"
1431,28009,"Benton, MS"
1432,28011,"Bolivar, MS"
1433,28013,"Calhoun, MS"
1434,28015,"Carroll, MS"
1435,28017,"Chickasaw, MS"
1436,28019,"Choctaw, MS"
1437,28021,"Claiborne, MS"
1438,28023,"Clarke, MS"
1439,28025,"Clay, MS"
1440,28027,"Coahoma, MS"
1441,28029,"Copiah, MS"
1442,28031,"Covington, MS"
1443,28033,"DeSoto, MS"
1444,28035,"Forrest, MS"
1445,28037,"Franklin, MS"
1446,28039,"George, MS"
1447,28041,"Greene, MS"
1448,28043,"Grenada, MS"
1449,28045,"Hancock, MS"
1450,28047,"Harrison, MS"
1451,28049,"Hinds, MS"
1452,28051,"Holmes, MS"
1453,28053,"Humphreys, MS"
1454,28055,"Issaquena, MS"
1455,28057,"Itawamba, MS"
1456,28059,"Jackson, MS"
1457,28061,"Jasper, MS"
1458,28063,"Jefferson, MS"
1459,28065,"Jefferson Davis, MS"
1460,28067,"Jones, MS"
1461,28069,"Kemper, MS"
1462,28071,"Lafayette, MS"
1463,28073,"Lamar, MS"
1464,28075,"Lauderdale, MS"
1465,28077,"Lawrence, MS"
1466,28079,"Leake, MS"
1467,28081,"Lee, MS"
1468,28083,"Leflore, MS"
1469,28085,"Lincoln, MS"
1470,28087,"Lowndes, MS"
1471,28089,"Madison, MS"
1472,28091,"Marion, MS"
1473,28093,"Marshall, MS"
1474,28095,"Monroe, MS"
1475,28097,"Montgomery, MS"
1476,28099,"Neshoba, MS"
1477,28101,"Newton, MS"
1478,28103,"Noxubee, MS"
1479,28105,"Oktibbeha, MS"
1480,28107,"Panola, MS"
1481,28109,"Pearl River, MS"
1482,28111,"Perry, MS"
1483,28113,"Pike, MS"
1484,28115,"Pontotoc, MS"
1485,28117,"Prentiss, MS"
1486,28119,"Quitman, MS"
1487,28121,"Rankin, MS"
1488,28123,"Scott, MS"
1489,28125,"Sharkey, MS"
1490,28127,"Simpson, MS"
1491,28129,"Smith, MS"
1492,28131,"Stone, MS"
1493,28133,"Sunflower, MS"
1494,28135,"Tallahatchie, MS"
1495,28137,"Tate, MS"
1496,28139,"Tippah, MS"
1497,28141,"Tishomingo, MS"
1498,28143,"Tunica, MS"
1499,28145,"Union, MS"
1500,28147,"Walthall, MS"
1501,28149,"Warren, MS"
1502,28151,"Washington, MS"
1503,28153,"Wayne, MS"
1504,28155,"Webster, MS"
1505,28157,"Wilkinson, MS"
1506,28159,"Winston, MS"
1507,28161,"Yalobusha, MS"
1508,28163,"Yazoo, MS"
1510,29001,"Adair, MO"
1511,29003,"Andrew, MO"
1512,29005,"Atchison, MO"
1513,29007,"Audrain, MO"
1514,29009,"Barry, MO"
1515,29011,"Barton, MO"
1516,29013,"Bates, MO"
1517,29015,"Benton, MO"
1518,29017,"Bollinger, MO"
1519,29019,"Boone, MO"
1520,29021,"Buchanan, MO"
1521,29023,"Butler, MO"
1522,29025,"Caldwell, MO"
1523,29027,"Callaway, MO"
1524,29029,"Camden, MO"
1525,29031,"Cape Girardeau, MO"
1526,29033,"Carroll, MO"
1527,29035,"Carter, MO"
1528,29037,"Cass, MO"
1529,29039,"Cedar, MO"
1530,29041,"Chariton, MO"
1531,29043,"Christian, MO"
1532,29045,"Clark, MO"
1533,29047,"Clay, MO"
1534,29049,"Clinton, MO"
1535,29051,"Cole, MO"
1536,29053,"Cooper, MO"
1537,29055,"Crawford, MO"
1538,29057,"Dade, MO"
1539,29059,"Dallas, MO"
1540,29061,"Daviess, MO"
1541,29063,"DeKalb, MO"
1542,29065,"Dent, MO"
1543,29067,"Douglas, MO"
1544,29069,"Dunklin, MO"
1545,29071,"Franklin, MO"
1546,29073,"Gasconade, MO"
1547,29075,"Gentry, MO"
1548,29077,"Greene, MO"
1549,29079,"Grundy, MO"
1550,29081,"Harrison, MO"
1551,29083,"Henry, MO"
1552,29085,"Hickory, MO"
1553,29087,"Holt, MO"
1554,29089,"Howard, MO"
1555,29091,"Howell, MO"
1556,29093,"Iron, MO"
1557,29095,"Jackson, MO"
1558,29097,"Jasper, MO"
1559,29099,"Jefferson, MO"
1560,29101,"Johnson, MO"
1561,29103,"Knox, MO"
1562,29105,"Laclede, MO"
1563,29107,"Lafayette, MO"
1564,29109,"Lawrence, MO"
1565,29111,"Lewis, MO"
1566,29113,"Lincoln, MO"
1567,29115,"Linn, MO"
1568,29117,"Livingston, MO"
1569,29119,"McDonald, MO"
1570,29121,"Macon, MO"
1571,29123,"Madison, MO"
1572,29125,"Maries, MO"
1573,29127,"Marion, MO"
1574,29129,"Mercer, MO"
1575,29131,"Miller, MO"
1576,29133,"Mississippi, MO"
1577,29135,"Moniteau, MO"
1578,29137,"Monroe, MO"
1579,29139,"Montgomery, MO"
1580,29141,"Morgan, MO"
1581,29143,"New Madrid, MO"
1582,29145,"Newton, MO"
1583,29147,"Nodaway, MO"
1584,29149,"Oregon, MO"
1585,29151,"Osage, MO"
1586,29153,"Ozark, MO"
1587,29155,"Pemiscot, MO"
1588,29157,"Perry, MO"
1589,29159,"Pettis, MO"
1590,29161,"Phelps, MO"
1591,29163,"Pike, MO"
1592,29165,"Platte, MO"
1593,29167,"Polk, MO"
1594,29169,"Pulaski, MO"
1595,29171,"Putnam, MO"
1596,29173,"Ralls, MO"
1597,29175,"Randolph, MO"
1598,29177,"Ray, MO"
1599,29179,"Reynolds, MO"
1600,29181,"Ripley, MO"
1601,29183,"St. Charles, MO"
1602,29185,"St. Clair, MO"
1603,29186,"Ste. Genevieve, MO"
1604,29187,"St. Francois, MO"
1605,29189,"St. Louis, MO"
1606,29195,"Saline, MO"
1607,29197,"Schuyler, MO"
1608,29199,"Scotland, MO"
1609,29201,"Scott, MO"
1610,29203,"Shannon, MO"
1611,29205,"Shelby, MO"
1612,29207,"Stoddard, MO"
1613,29209,"Stone, MO"
1614,29211,"Sullivan, MO"
1615,29213,"Taney, MO"
1616,29215,"Texas, MO"
1617,29217,"Vernon, MO"
1618,29219,"Warren, MO"
1619,29221,"Washington, MO"
1620,29223,"Wayne, MO"
1621,29225,"Webster, MO"
1622,29227,"Worth, MO"
1623,29229,"Wright, MO"
1624,29510,"St. Louis city, MO"
1626,30001,"Beaverhead, MT"
1627,30003,"Big Horn, MT"
1628,30005,"Blaine, MT"
1629,30007,"Broadwater, MT"
1630,30009,"Carbon, MT"
1631,30011,"Carter, MT"
1632,30013,"Cascade, MT"
1633,30015,"Chouteau, MT"
1634,30017,"Custer, MT"
1635,30019,"Daniels, MT"
1636,30021,"Dawson, MT"
1637,30023,"Deer Lodge, MT"
1638,30025,"Fallon, MT"
1639,30027,"Fergus, MT"
1640,30029,"Flathead, MT"
1641,30031,"Gallatin, MT"
1642,30033,"Garfield, MT"
1643,30035,"Glacier, MT"
1644,30037,"Golden Valley, MT"
1645,30039,"Granite, MT"
1646,30041,"Hill, MT"
1647,30043,"Jefferson, MT"
1648,30045,"Judith Basin, MT"
1649,30047,"Lake, MT"
1650,30049,"Lewis and Clark, MT"
1651,30051,"Liberty, MT"
1652,30053,"Lincoln, MT"
1653,30055,"McCone, MT"
1654,30057,"Madison, MT"
1655,30059,"Meagher, MT"
1656,30061,"Mineral, MT"
1657,30063,"Missoula, MT"
1658,30065,"Musselshell, MT"
1659,30067,"Park, MT"
1660,30069,"Petroleum, MT"
1661,30071,"Phillips, MT"
1662,30073,"Pondera, MT"
1663,30075,"Powder River, MT"
1664,30077,"Powell, MT"
1665,30079,"Prairie, MT"
1666,30081,"Ravalli, MT"
1667,30083,"Richland, MT"
1668,30085,"Roosevelt, MT"
1669,30087,"Rosebud, MT"
1670,30089,"Sanders, MT"
1671,30091,"Sheridan, MT"
1672,30093,"Silver Bow, MT"
1673,30095,"Stillwater, MT"
1674,30097,"Sweet Grass, MT"
1675,30099,"Teton, MT"
1676,30101,"Toole, MT"
1677,30103,"Treasure, MT"
1678,30105,"Valley, MT"
1679,30107,"Wheatland, MT"
1680,30109,"Wibaux, MT"
1681,30111,"Yellowstone, MT"
1682,30113,"Yellowstone National Park, MT"
1684,31001,"Adams, NE"
1685,31003,"Antelope, NE"
1686,31005,"Arthur, NE"
1687,31007,"Banner, NE"
1688,31009,"Blaine, NE"
1689,31011,"Boone, NE"
1690,31013,"Box Butte, NE"
1691,31015,"Boyd, NE"
1692,31017,"Brown, NE"
1693,31019,"Buffalo, NE"
1694,31021,"Burt, NE"
1695,31023,"Butler, NE"
1696,31025,"Cass, NE"
1697,31027,"Cedar, NE"
1698,31029,"Chase, NE"
1699,31031,"Cherry, NE"
1700,31033,"Cheyenne, NE"
1701,31035,"Clay, NE"
1702,31037,"Colfax, NE"
1703,31039,"Cuming, NE"
1704,31041,"Custer, NE"
1705,31043,"Dakota, NE"
1706,31045,"Dawes, NE"
1707,31047,"Dawson, NE"
1708,31049,"Deuel, NE"
1709,31051,"Dixon, NE"
1710,31053,"Dodge, NE"
1711,31055,"Douglas, NE"
1712,31057,"Dundy, NE"
1713,31059,"Fillmore, NE"
1714,31061,"Franklin, NE"
1715,31063,"Frontier, NE"
1716,31065,"Furnas, NE"
1717,31067,"Gage, NE"
1718,31069,"Garden, NE"
1719,31071,"Garfield, NE"
1720,31073,"Gosper, NE"
1721,31075,"Grant, NE"
1722,31077,"Greeley, NE"
1723,31079,"Hall, NE"
1724,31081,"Hamilton, NE"
1725,31083,"Harlan, NE"
1726,31085,"Hayes, NE"
1727,31087,"Hitchcock, NE"
1728,31089,"Holt, NE"
1729,31091,"Hooker, NE"
1730,31093,"Howard, NE"
1731,31095,"Jefferson, NE"
1732,31097,"Johnson, NE"
1733,31099,"Kearney, NE"
1734,31101,"Keith, NE"
1735,31103,"Keya Paha, NE"
1736,31105,"Kimball, NE"
1737,31107,"Knox, NE"
1738,31109,"Lancaster, NE"
1739,31111,"Lincoln, NE"
1740,31113,"Logan, NE"
1741,31115,"Loup, NE"
1742,31117,"McPherson, NE"
1743,31119,"Madison, NE"
1744,31121,"Merrick, NE"
1745,31123,"Morrill, NE"
1746,31125,"Nance, NE"
1747,31127,"Nemaha, NE"
1748,31129,"Nuckolls, NE"
1749,31131,"Otoe, NE"
1750,31133,"Pawnee, NE"
1751,31135,"Perkins, NE"
1752,31137,"Phelps, NE"
1753,31139,"Pierce, NE"
1754,31141,"Platte, NE"
1755,31143,"Polk, NE"
1756,31145,"Red Willow, NE"
1757,31147,"Richardson, NE"
1758,31149,"Rock, NE"
1759,31151,"Saline, NE"
1760,31153,"Sarpy, NE"
1761,31155,"Saunders, NE"
1762,31157,"Scotts Bluff, NE"
1763,31159,"Seward, NE"
1764,31161,"Sheridan, NE"
1765,31163,"Sherman, NE"
1766,31165,"Sioux, NE"
1767,31167,"Stanton, NE"
1768,31169,"Thayer, NE"
1769,31171,"Thomas, NE"
1770,31173,"Thurston, NE"
1771,31175,"Valley, NE"
1772,31177,"Washington, NE"
1773,31179,"Wayne, NE"
1774,31181,"Webster, NE"
1775,31183,"Wheeler, NE"
1776,31185,"York, NE"
1778,32001,"Churchill, NV"
1779,32003,"Clark, NV"
1780,32005,"Douglas, NV"
1781,32007,"Elko, NV"
1782,32009,"Esmeralda, NV"
1783,32011,"Eureka, NV"
1784,32013,"Humboldt, NV"
1785,32015,"Lander, NV"
1786,32017,"Lincoln, NV"
1787,32019,"Lyon, NV"
1788,32021,"Mineral, NV"
1789,32023,"Nye, NV"
1790,32027,"Pershing, NV"
1791,32029,"Storey, NV"
1792,32031,"Washoe, NV"
1793,32033,"White Pine, NV"
1794,32510,"Carson City city, NV"
1796,33001,"Belknap, NH"
1797,33003,"Carroll, NH"
1798,33005,"Cheshire, NH"
1799,33007,"Coos, NH"
1800,33009,"Grafton, NH"
1801,33011,"Hillsborough, NH"
1802,33013,"Merrimack, NH"
1803,33015,"Rockingham, NH"
1804,33017,"Strafford, NH"
1805,33019,"Sullivan, NH"
1807,34001,"Atlantic, NJ"
1808,34003,"Bergen, NJ"
1809,34005,"Burlington, NJ"
1810,34007,"Camden, NJ"
1811,34009,"Cape May, NJ"
1812,34011,"Cumberland, NJ"
1813,34013,"Essex, NJ"
1814,34015,"Gloucester, NJ"
1815,34017,"Hudson, NJ"
1816,34019,"Hunterdon, NJ"
1817,34021,"Mercer, NJ"
1818,34023,"Middlesex, NJ"
1819,34025,"Monmouth, NJ"
1820,34027,"Morris, NJ"
1821,34029,"Ocean, NJ"
1822,34031,"Passaic, NJ"
1823,34033,"Salem, NJ"
1824,34035,"Somerset, NJ"
1825,34037,"Sussex, NJ"
1826,34039,"Union, NJ"
1827,34041,"Warren, NJ"
1829,35001,"Bernalillo, NM"
1830,35003,"Catron, NM"
1831,35005,"Chaves, NM"
1832,35006,"Cibola, NM"
1833,35007,"Colfax, NM"
1834,35009,"Curry, NM"
1835,35011,"De Baca, NM"
1836,35013,"Dona Ana, NM"
1837,35015,"Eddy, NM"
1838,35017,"Grant, NM"
1839,35019,"Guadalupe, NM"
1840,35021,"Harding, NM"
1841,35023,"Hidalgo, NM"
1842,35025,"Lea, NM"
1843,35027,"Lincoln, NM"
1844,35028,"Los Alamos, NM"
1845,35029,"Luna, NM"
1846,35031,"McKinley, NM"
1847,35033,"Mora, NM"
1848,35035,"Otero, NM"
1849,35037,"Quay, NM"
1850,35039,"Rio Arriba, NM"
1851,35041,"Roosevelt, NM"
1852,35043,"Sandoval, NM"
1853,35045,"San Juan, NM"
1854,35047,"San Miguel, NM"
1855,35049,"Santa Fe, NM"
1856,35051,"Sierra, NM"
1857,35053,"Socorro, NM"
1858,35055,"Taos, NM"
1859,35057,"Torrance, NM"
1860,35059,"Union, NM"
1861,35061,"Valencia, NM"
1863,36001,"Albany, NY"
1864,36003,"Allegany, NY"
1865,36005,"Bronx, NY"
1866,36007,"Broome, NY"
1867,36009,"Cattaraugus, NY"
1868,36011,"Cayuga, NY"
1869,36013,"Chautauqua, NY"
1870,36015,"Chemung, NY"
1871,36017,"Chenango, NY"
1872,36019,"Clinton, NY"
1873,36021,"Columbia, NY"
1874,36023,"Cortland, NY"
1875,36025,"Delaware, NY"
1876,36027,"Dutchess, NY"
1877,36029,"Erie, NY"
1878,36031,"Essex, NY"
1879,36033,"Franklin, NY"
1880,36035,"Fulton, NY"
1881,36037,"Genesee, NY"
1882,36039,"Greene, NY"
1883,36041,"Hamilton, NY"
1884,36043,"Herkimer, NY"
1885,36045,"Jefferson, NY"
1886,36047,"Kings, NY"
1887,36049,"Lewis, NY"
1888,36051,"Livingston, NY"
1889,36053,"Madison, NY"
1890,36055,"Monroe, NY"
1891,36057,"Montgomery, NY"
1892,36059,"Nassau, NY"
1893,36061,"New York, NY"
1894,36063,"Niagara, NY"
1895,36065,"Oneida, NY"
1896,36067,"Onondaga, NY"
1897,36069,"Ontario, NY"
1898,36071,"Orange, NY"
1899,36073,"Orleans, NY"
1900,36075,"Oswego, NY"
1901,36077,"Otsego, NY"
1902,36079,"Putnam, NY"
1903,36081,"Queens, NY"
1904,36083,"Rensselaer, NY"
1905,36085,"Richmond, NY"
1906,36087,"Rockland, NY"
1907,36089,"St. Lawrence, NY"
1908,36091,"Saratoga, NY"
1909,36093,"Schenectady, NY"
1910,36095,"Schoharie, NY"
1911,36097,"Schuyler, NY"
1912,36099,"Seneca, NY"
1913,36101,"Steuben, NY"
1914,36103,"Suffolk, NY"
1915,36105,"Sullivan, NY"
1916,36107,"Tioga, NY"
1917,36109,"Tompkins, NY"
1918,36111,"Ulster, NY"
1919,36113,"Warren, NY"
1920,36115,"Washington, NY"
1921,36117,"Wayne, NY"
1922,36119,"Westchester, NY"
1923,36121,"Wyoming, NY"
1924,36123,"Yates, NY"
1926,37001,"Alamance, NC"
1927,37003,"Alexander, NC"
1928,37005,"Alleghany, NC"
1929,37007,"Anson, NC"
1930,37009,"Ashe, NC"
1931,37011,"Avery, NC"
1932,37013,"Beaufort, NC"
1933,37015,"Bertie, NC"
1934,37017,"Bladen, NC"
1935,37019,"Brunswick, NC"
1936,37021,"Buncombe, NC"
1937,37023,"Burke, NC"
1938,37025,"Cabarrus, NC"
1939,37027,"Caldwell, NC"
1940,37029,"Camden, NC"
1941,37031,"Carteret, NC"
1942,37033,"Caswell, NC"
1943,37035,"Catawba, NC"
1944,37037,"Chatham, NC"
1945,37039,"Cherokee, NC"
1946,37041,"Chowan, NC"
1947,37043,"Clay, NC"
1948,37045,"Cleveland, NC"
1949,37047,"Columbus, NC"
1950,37049,"Craven, NC"
1951,37051,"Cumberland, NC"
1952,37053,"Currituck, NC"
1953,37055,"Dare, NC"
1954,37057,"Davidson, NC"
1955,37059,"Davie, NC"
1956,37061,"Duplin, NC"
1957,37063,"Durham, NC"
1958,37065,"Edgecombe, NC"
1959,37067,"Forsyth, NC"
1960,37069,"Franklin, NC"
1961,37071,"Gaston, NC"
1962,37073,"Gates, NC"
1963,37075,"Graham, NC"
1964,37077,"Granville, NC"
1965,37079,"Greene, NC"
1966,37081,"Guilford, NC"
1967,37083,"Halifax, NC"
1968,37085,"Harnett, NC"
1969,37087,"Haywood, NC"
1970,37089,"Henderson, NC"
1971,37091,"Hertford, NC"
1972,37093,"Hoke, NC"
1973,37095,"Hyde, NC"
1974,37097,"Iredell, NC"
1975,37099,"Jackson, NC"
1976,37101,"Johnston, NC"
1977,37103,"Jones, NC"
1978,37105,"Lee, NC"
1979,37107,"Lenoir, NC"
1980,37109,"Lincoln, NC"
1981,37111,"McDowell, NC"
1982,37113,"Macon, NC"
1983,37115,"Madison, NC"
1984,37117,"Martin, NC"
1985,37119,"Mecklenburg, NC"
1986,37121,"Mitchell, NC"
1987,37123,"Montgomery, NC"
1988,37125,"Moore, NC"
1989,37127,"Nash, NC"
1990,37129,"New Hanover, NC"
1991,37131,"Northampton, NC"
1992,37133,"Onslow, NC"
1993,37135,"Orange, NC"
1994,37137,"Pamlico, NC"
1995,37139,"Pasquotank, NC"
1996,37141,"Pender, NC"
1997,37143,"Perquimans, NC"
1998,37145,"Person, NC"
1999,37147,"Pitt, NC"
2000,37149,"Polk, NC"
2001,37151,"Randolph, NC"
2002,37153,"Richmond, NC"
2003,37155,"Robeson, NC"
2004,37157,"Rockingham, NC"
2005,37159,"Rowan, NC"
2006,37161,"Rutherford, NC"
2007,37163,"Sampson, NC"
2008,37165,"Scotland, NC"
2009,37167,"Stanly, NC"
2010,37169,"Stokes, NC"
2011,37171,"Surry, NC"
2012,37173,"Swain, NC"
2013,37175,"Transylvania, NC"
2014,37177,"Tyrrell, NC"
2015,37179,"Union, NC"
2016,37181,"Vance, NC"
2017,37183,"Wake, NC"
2018,37185,"Warren, NC"
2019,37187,"Washington, NC"
2020,37189,"Watauga, NC"
2021,37191,"Wayne, NC"
2022,37193,"Wilkes, NC"
2023,37195,"Wilson, NC"
2024,37197,"Yadkin, NC"
2025,37199,"Yancey, NC"
2027,38001,"Adams, ND"
2028,38003,"Barnes, ND"
2029,38005,"Benson, ND"
2030,38007,"Billings, ND"
2031,38009,"Bottineau, ND"
2032,38011,"Bowman, ND"
2033,38013,"Burke, ND"
2034,38015,"Burleigh, ND"
2035,38017,"Cass, ND"
2036,38019,"Cavalier, ND"
2037,38021,"Dickey, ND"
2038,38023,"Divide, ND"
2039,38025,"Dunn, ND"
2040,38027,"Eddy, ND"
2041,38029,"Emmons, ND"
2042,38031,"Foster, ND"
2043,38033,"Golden Valley, ND"
2044,38035,"Grand Forks, ND"
2045,38037,"Grant, ND"
2046,38039,"Griggs, ND"
2047,38041,"Hettinger, ND"
2048,38043,"Kidder, ND"
2049,38045,"LaMoure, ND"
2050,38047,"Logan, ND"
2051,38049,"McHenry, ND"
2052,38051,"McIntosh, ND"
2053,38053,"McKenzie, ND"
2054,38055,"McLean, ND"
2055,38057,"Mercer, ND"
2056,38059,"Morton, ND"
2057,38061,"Mountrail, ND"
2058,38063,"Nelson, ND"
2059,38065,"Oliver, ND"
2060,38067,"Pembina, ND"
2061,38069,"Pierce, ND"
2062,38071,"Ramsey, ND"
2063,38073,"Ransom, ND"
2064,38075,"Renville, ND"
2065,38077,"Richland, ND"
2066,38079,"Rolette, ND"
2067,38081,"Sargent, ND"
2068,38083,"Sheridan, ND"
2069,38085,"Sioux, ND"
2070,38087,"Slope, ND"
2071,38089,"Stark, ND"
2072,38091,"Steele, ND"
2073,38093,"Stutsman, ND"
2074,38095,"Towner, ND"
2075,38097,"Traill, ND"
2076,38099,"Walsh, ND"
2077,38101,"Ward, ND"
2078,38103,"Wells, ND"
2079,38105,"Williams, ND"
2081,39001,"Adams, OH"
2082,39003,"Allen, OH"
2083,39005,"Ashland, OH"
2084,39007,"Ashtabula, OH"
2085,39009,"Athens, OH"
2086,39011,"Auglaize, OH"
2087,39013,"Belmont, OH"
2088,39015,"Brown, OH"
2089,39017,"Butler, OH"
2090,39019,"Carroll, OH"
2091,39021,"Champaign, OH"
2092,39023,"Clark, OH"
2093,39025,"Clermont, OH"
2094,39027,"Clinton, OH"
2095,39029,"Columbiana, OH"
2096,39031,"Coshocton, OH"
2097,39033,"Crawford, OH"
2098,39035,"Cuyahoga, OH"
2099,39037,"Darke, OH"
2100,39039,"Defiance, OH"
2101,39041,"Delaware, OH"
2102,39043,"Erie, OH"
2103,39045,"Fairfield, OH"
2104,39047,"Fayette, OH"
2105,39049,"Franklin, OH"
2106,39051,"Fulton, OH"
2107,39053,"Gallia, OH"
2108,39055,"Geauga, OH"
2109,39057,"Greene, OH"
2110,39059,"Guernsey, OH"
2111,39061,"Hamilton, OH"
2112,39063,"Hancock, OH"
2113,39065,"Hardin, OH"
2114,39067,"Harrison, OH"
2115,39069,"Henry, OH"
2116,39071,"Highland, OH"
2117,39073,"Hocking, OH"
2118,39075,"Holmes, OH"
2119,39077,"Huron, OH"
2120,39079,"Jackson, OH"
2121,39081,"Jefferson, OH"
2122,39083,"Knox, OH"
2123,39085,"Lake, OH"
2124,39087,"Lawrence, OH"
2125,39089,"Licking, OH"
2126,39091,"Logan, OH"
2127,39093,"Lorain, OH"
2128,39095,"Lucas, OH"
2129,39097,"Madison, OH"
2130,39099,"Mahoning, OH"
2131,39101,"Marion, OH"
2132,39103,"Medina, OH"
2133,39105,"Meigs, OH"
2134,39107,"Mercer, OH"
2135,39109,"Miami, OH"
2136,39111,"Monroe, OH"
2137,39113,"Montgomery, OH"
2138,39115,"Morgan, OH"
2139,39117,"Morrow, OH"
2140,39119,"Muskingum, OH"
2141,39121,"Noble, OH"
2142,39123,"Ottawa, OH"
2143,39125,"Paulding, OH"
2144,39127,"Perry, OH"
2145,39129,"Pickaway, OH"
2146,39131,"Pike, OH"
2147,39133,"Portage, OH"
2148,39135,"Preble, OH"
2149,39137,"Putnam, OH"
2150,39139,"Richland, OH"
2151,39141,"Ross, OH"
2152,39143,"Sandusky, OH"
2153,39145,"Scioto, OH"
2154,39147,"Seneca, OH"
2155,39149,"Shelby, OH"
2156,39151,"Stark, OH"
2157,39153,"Summit, OH"
2158,39155,"Trumbull, OH"
2159,39157,"Tuscarawas, OH"
2160,39159,"Union, OH"
2161,39161,"Van Wert, OH"
2162,39163,"Vinton, OH"
2163,39165,"Warren, OH"
2164,39167,"Washington, OH"
2165,39169,"Wayne, OH"
2166,39171,"Williams, OH"
2167,39173,"Wood, OH"
2168,39175,"Wyandot, OH"
2170,40001,"Adair, OK"
2171,40003,"Alfalfa, OK"
2172,40005,"Atoka, OK"
2173,40007,"Beaver, OK"
2174,40009,"Beckham, OK"
2175,40011,"Blaine, OK"
2176,40013,"Bryan, OK"
2177,40015,"Caddo, OK"
2178,40017,"Canadian, OK"
2179,40019,"Carter, OK"
2180,40021,"Cherokee, OK"
2181,40023,"Choctaw, OK"
2182,40025,"Cimarron, OK"
2183,40027,"Cleveland, OK"
2184,40029,"Coal, OK"
2185,40031,"Comanche, OK"
2186,40033,"Cotton, OK"
2187,40035,"Craig, OK"
2188,40037,"Creek, OK"
2189,40039,"Custer, OK"
2190,40041,"Delaware, OK"
2191,40043,"Dewey, OK"
2192,40045,"Ellis, OK"
2193,40047,"Garfield, OK"
2194,40049,"Garvin, OK"
2195,40051,"Grady, OK"
2196,40053,"Grant, OK"
2197,40055,"Greer, OK"
2198,40057,"Harmon, OK"
2199,40059,"Harper, OK"
2200,40061,"Haskell, OK"
2201,40063,"Hughes, OK"
2202,40065,"Jackson, OK"
2203,40067,"Jefferson, OK"
2204,40069,"Johnston, OK"
2205,40071,"Kay, OK"
2206,40073,"Kingfisher, OK"
2207,40075,"Kiowa, OK"
2208,40077,"Latimer, OK"
2209,40079,"Le Flore, OK"
2210,40081,"Lincoln, OK"
2211,40083,"Logan, OK"
2212,40085,"Love, OK"
2213,40087,"McClain, OK"
2214,40089,"McCurtain, OK"
2215,40091,"McIntosh, OK"
2216,40093,"Major, OK"
2217,40095,"Marshall, OK"
2218,40097,"Mayes, OK"
2219,40099,"Murray, OK"
2220,40101,"Muskogee, OK"
2221,40103,"Noble, OK"
2222,40105,"Nowata, OK"
2223,40107,"Okfuskee, OK"
2224,40109,"Oklahoma, OK"
2225,40111,"Okmulgee, OK"
2226,40113,"Osage, OK"
2227,40115,"Ottawa, OK"
2228,40117,"Pawnee, OK"
2229,40119,"Payne, OK"
2230,40121,"Pittsburg, OK"
2231,40123,"Pontotoc, OK"
2232,40125,"Pottawatomie, OK"
2233,40127,"Pushmataha, OK"
2234,40129,"Roger Mills, OK"
2235,40131,"Rogers, OK"
2236,40133,"Seminole, OK"
2237,40135,"Sequoyah, OK"
2238,40137,"Stephens, OK"
2239,40139,"Texas, OK"
2240,40141,"Tillman, OK"
2241,40143,"Tulsa, OK"
2242,40145,"Wagoner, OK"
2243,40147,"Washington, OK"
2244,40149,"Washita, OK"
2245,40151,"Woods, OK"
2246,40153,"Woodward, OK"
2248,41001,"Baker, OR"
2249,41003,"Benton, OR"
2250,41005,"Clackamas, OR"
2251,41007,"Clatsop, OR"
2252,41009,"Columbia, OR"
2253,41011,"Coos, OR"
2254,41013,"Crook, OR"
2255,41015,"Curry, OR"
2256,41017,"Deschutes, OR"
2257,41019,"Douglas, OR"
2258,41021,"Gilliam, OR"
2259,41023,"Grant, OR"
2260,41025,"Harney, OR"
2261,41027,"Hood River, OR"
2262,41029,"Jackson, OR"
2263,41031,"Jefferson, OR"
2264,41033,"Josephine, OR"
2265,41035,"Klamath, OR"
2266,41037,"Lake, OR"
2267,41039,"Lane, OR"
2268,41041,"Lincoln, OR"
2269,41043,"Linn, OR"
2270,41045,"Malheur, OR"
2271,41047,"Marion, OR"
2272,41049,"Morrow, OR"
2273,41051,"Multnomah, OR"
2274,41053,"Polk, OR"
2275,41055,"Sherman, OR"
2276,41057,"Tillamook, OR"
2277,41059,"Umatilla, OR"
2278,41061,"Union, OR"
2279,41063,"Wallowa, OR"
2280,41065,"Wasco, OR"
2281,41067,"Washington, OR"
2282,41069,"Wheeler, OR"
2283,41071,"Yamhill, OR"
2285,42001,"Adams, PA"
2286,42003,"Allegheny, PA"
2287,42005,"Armstrong, PA"
2288,42007,"Beaver, PA"
2289,42009,"Bedford, PA"
2290,42011,"Berks, PA"
2291,42013,"Blair, PA"
2292,42015,"Bradford, PA"
2293,42017,"Bucks, PA"
2294,42019,"Butler, PA"
2295,42021,"Cambria, PA"
2296,42023,"Cameron, PA"
2297,42025,"Carbon, PA"
2298,42027,"Centre, PA"
2299,42029,"Chester, PA"
2300,42031,"Clarion, PA"
2301,42033,"Clearfield, PA"
2302,42035,"Clinton, PA"
2303,42037,"Columbia, PA"
2304,42039,"Crawford, PA"
2305,42041,"Cumberland, PA"
2306,42043,"Dauphin, PA"
2307,42045,"Delaware, PA"
2308,42047,"Elk, PA"
2309,42049,"Erie, PA"
2310,42051,"Fayette, PA"
2311,42053,"Forest, PA"
2312,42055,"Franklin, PA"
2313,42057,"Fulton, PA"
2314,42059,"Greene, PA"
2315,42061,"Huntingdon, PA"
2316,42063,"Indiana, PA"
2317,42065,"Jefferson, PA"
2318,42067,"Juniata, PA"
2319,42069,"Lackawanna, PA"
2320,42071,"Lancaster, PA"
2321,42073,"Lawrence, PA"
2322,42075,"Lebanon, PA"
2323,42077,"Lehigh, PA"
2324,42079,"Luzerne, PA"
2325,42081,"Lycoming, PA"
2326,42083,"McKean, PA"
2327,42085,"Mercer, PA"
2328,42087,"Mifflin, PA"
2329,42089,"Monroe, PA"
2330,42091,"Montgomery, PA"
2331,42093,"Montour, PA"
2332,42095,"Northampton, PA"
2333,42097,"Northumberland, PA"
2334,42099,"Perry, PA"
2335,42101,"Philadelphia, PA"
2336,42103,"Pike, PA"
2337,42105,"Potter, PA"
2338,42107,"Schuylkill, PA"
2339,42109,"Snyder, PA"
2340,42111,"Somerset, PA"
2341,42113,"Sullivan, PA"
2342,42115,"Susquehanna, PA"
2343,42117,"Tioga, PA"
2344,42119,"Union, PA"
2345,42121,"Venango, PA"
2346,42123,"Warren, PA"
2347,42125,"Washington, PA"
2348,42127,"Wayne, PA"
2349,42129,"Westmoreland, PA"
2350,42131,"Wyoming, PA"
2351,42133,"York, PA"
2353,44001,"Bristol, RI"
2354,44003,"Kent, RI"
2355,44005,"Newport, RI"
2356,44007,"Providence, RI"
2357,44009,"Washington, RI"
2359,45001,"Abbeville, SC"
2360,45003,"Aiken, SC"
2361,45005,"Allendale, SC"
2362,45007,"Anderson, SC"
2363,45009,"Bamberg, SC"
2364,45011,"Barnwell, SC"
2365,45013,"Beaufort, SC"
2366,45015,"Berkeley, SC"
2367,45017,"Calhoun, SC"
2368,45019,"Charleston, SC"
2369,45021,"Cherokee, SC"
2370,45023,"Chester, SC"
2371,45025,"Chesterfield, SC"
2372,45027,"Clarendon, SC"
2373,45029,"Colleton, SC"
2374,45031,"Darlington, SC"
2375,45033,"Dillon, SC"
2376,45035,"Dorchester, SC"
2377,45037,"Edgefield, SC"
2378,45039,"Fairfield, SC"
2379,45041,"Florence, SC"
2380,45043,"Georgetown, SC"
2381,45045,"Greenville, SC"
2382,45047,"Greenwood, SC"
2383,45049,"Hampton, SC"
2384,45051,"Horry, SC"
2385,45053,"Jasper, SC"
2386,45055,"Kershaw, SC"
2387,45057,"Lancaster, SC"
2388,45059,"Laurens, SC"
2389,45061,"Lee, SC"
2390,45063,"Lexington, SC"
2391,45065,"McCormick, SC"
2392,45067,"Marion, SC"
2393,45069,"Marlboro, SC"
2394,45071,"Newberry, SC"
2395,45073,"Oconee, SC"
2396,45075,"Orangeburg, SC"
2397,45077,"Pickens, SC"
2398,45079,"Richland, SC"
2399,45081,"Saluda, SC"
2400,45083,"Spartanburg, SC"
2401,45085,"Sumter, SC"
2402,45087,"Union, SC"
2403,45089,"Williamsburg, SC"
2404,45091,"York, SC"
2406,46003,"Aurora, SD"
2407,46005,"Beadle, SD"
2408,46007,"Bennett, SD"
2409,46009,"Bon Homme, SD"
2410,46011,"Brookings, SD"
2411,46013,"Brown, SD"
2412,46015,"Brule, SD"
2413,46017,"Buffalo, SD"
2414,46019,"Butte, SD"
2415,46021,"Campbell, SD"
2416,46023,"Charles Mix, SD"
2417,46025,"Clark, SD"
2418,46027,"Clay, SD"
2419,46029,"Codington, SD"
2420,46031,"Corson, SD"
2421,46033,"Custer, SD"
2422,46035,"Davison, SD"
2423,46037,"Day, SD"
2424,46039,"Deuel, SD"
2425,46041,"Dewey, SD"
2426,46043,"Douglas, SD"
2427,46045,"Edmunds, SD"
2428,46047,"Fall River, SD"
2429,46049,"Faulk, SD"
2430,46051,"Grant, SD"
2431,46053,"Gregory, SD"
2432,46055,"Haakon, SD"
2433,46057,"Hamlin, SD"
2434,46059,"Hand, SD"
2435,46061,"Hanson, SD"
2436,46063,"Harding, SD"
2437,46065,"Hughes, SD"
2438,46067,"Hutchinson, SD"
2439,46069,"Hyde, SD"
2440,46071,"Jackson, SD"
2441,46073,"Jerauld, SD"
2442,46075,"Jones, SD"
2443,46077,"Kingsbury, SD"
2444,46079,"Lake, SD"
2445,46081,"Lawrence, SD"
2446,46083,"Lincoln, SD"
2447,46085,"Lyman, SD"
2448,46087,"McCook, SD"
2449,46089,"McPherson, SD"
2450,46091,"Marshall, SD"
2451,46093,"Meade, SD"
2452,46095,"Mellette, SD"
2453,46097,"Miner, SD"
2454,46099,"Minnehaha, SD"
2455,46101,"Moody, SD"
2456,46103,"Pennington, SD"
2457,46105,"Perkins, SD"
2458,46107,"Potter, SD"
2459,46109,"Roberts, SD"
2460,46111,"Sanborn, SD"
2461,46113,"Shannon, SD"
2462,46115,"Spink, SD"
2463,46117,"Stanley, SD"
2464,46119,"Sully, SD"
2465,46121,"Todd, SD"
2466,46123,"Tripp, SD"
2467,46125,"Turner, SD"
2468,46127,"Union, SD"
2469,46129,"Walworth, SD"
2470,46135,"Yankton, SD"
2471,46137,"Ziebach, SD"
2473,47001,"Anderson, TN"
2474,47003,"Bedford, TN"
2475,47005,"Benton, TN"
2476,47007,"Bledsoe, TN"
2477,47009,"Blount, TN"
2478,47011,"Bradley, TN"
2479,47013,"Campbell, TN"
2480,47015,"Cannon, TN"
2481,47017,"Carroll, TN"
2482,47019,"Carter, TN"
2483,47021,"Cheatham, TN"
2484,47023,"Chester, TN"
2485,47025,"Claiborne, TN"
2486,47027,"Clay, TN"
2487,47029,"Cocke, TN"
2488,47031,"Coffee, TN"
2489,47033,"Crockett, TN"
2490,47035,"Cumberland, TN"
2491,47037,"Davidson, TN"
2492,47039,"Decatur, TN"
2493,47041,"DeKalb, TN"
2494,47043,"Dickson, TN"
2495,47045,"Dyer, TN"
2496,47047,"Fayette, TN"
2497,47049,"Fentress, TN"
2498,47051,"Franklin, TN"
2499,47053,"Gibson, TN"
2500,47055,"Giles, TN"
2501,47057,"Grainger, TN"
2502,47059,"Greene, TN"
2503,47061,"Grundy, TN"
2504,47063,"Hamblen, TN"
2505,47065,"Hamilton, TN"
2506,47067,"Hancock, TN"
2507,47069,"Hardeman, TN"
2508,47071,"Hardin, TN"
2509,47073,"Hawkins, TN"
2510,47075,"Haywood, TN"
2511,47077,"Henderson, TN"
2512,47079,"Henry, TN"
2513,47081,"Hickman, TN"
2514,47083,"Houston, TN"
2515,47085,"Humphreys, TN"
2516,47087,"Jackson, TN"
2517,47089,"Jefferson, TN"
2518,47091,"Johnson, TN"
2519,47093,"Knox, TN"
2520,47095,"Lake, TN"
2521,47097,"Lauderdale, TN"
2522,47099,"Lawrence, TN"
2523,47101,"Lewis, TN"
2524,47103,"Lincoln, TN"
2525,47105,"Loudon, TN"
2526,47107,"McMinn, TN"
2527,47109,"McNairy, TN"
2528,47111,"Macon, TN"
2529,47113,"Madison, TN"
2530,47115,"Marion, TN"
2531,47117,"Marshall, TN"
2532,47119,"Maury, TN"
2533,47121,"Meigs, TN"
2534,47123,"Monroe, TN"
2535,47125,"Montgomery, TN"
2536,47127,"Moore, TN"
2537,47129,"Morgan, TN"
2538,47131,"Obion, TN"
2539,47133,"Overton, TN"
2540,47135,"Perry, TN"
2541,47137,"Pickett, TN"
2542,47139,"Polk, TN"
2543,47141,"Putnam, TN"
2544,47143,"Rhea, TN"
2545,47145,"Roane, TN"
2546,47147,"Robertson, TN"
2547,47149,"Rutherford, TN"
2548,47151,"Scott, TN"
2549,47153,"Sequatchie, TN"
2550,47155,"Sevier, TN"
2551,47157,"Shelby, TN"
2552,47159,"Smith, TN"
2553,47161,"Stewart, TN"
2554,47163,"Sullivan, TN"
2555,47165,"Sumner, TN"
2556,47167,"Tipton, TN"
2557,47169,"Trousdale, TN"
2558,47171,"Unicoi, TN"
2559,47173,"Union, TN"
2560,47175,"Van Buren, TN"
2561,47177,"Warren, TN"
2562,47179,"Washington, TN"
2563,47181,"Wayne, TN"
2564,47183,"Weakley, TN"
2565,47185,"White, TN"
2566,47187,"Williamson, TN"
2567,47189,"Wilson, TN"
2569,48001,"Anderson, TX"
2570,48003,"Andrews, TX"
2571,48005,"Angelina, TX"
2572,48007,"Aransas, TX"
2573,48009,"Archer, TX"
2574,48011,"Armstrong, TX"
2575,48013,"Atascosa, TX"
2576,48015,"Austin, TX"
2577,48017,"Bailey, TX"
2578,48019,"Bandera, TX"
2579,48021,"Bastrop, TX"
2580,48023,"Baylor, TX"
2581,48025,"Bee, TX"
2582,48027,"Bell, TX"
2583,48029,"Bexar, TX"
2584,48031,"Blanco, TX"
2585,48033,"Borden, TX"
2586,48035,"Bosque, TX"
2587,48037,"Bowie, TX"
2588,48039,"Brazoria, TX"
2589,48041,"Brazos, TX"
2590,48043,"Brewster, TX"
2591,48045,"Briscoe, TX"
2592,48047,"Brooks, TX"
2593,48049,"Brown, TX"
2594,48051,"Burleson, TX"
2595,48053,"Burnet, TX"
2596,48055,"Caldwell, TX"
2597,48057,"Calhoun, TX"
2598,48059,"Callahan, TX"
2599,48061,"Cameron, TX"
2600,48063,"Camp, TX"
2601,48065,"Carson, TX"
2602,48067,"Cass, TX"
2603,48069,"Castro, TX"
2604,48071,"Chambers, TX"
2605,48073,"Cherokee, TX"
2606,48075,"Childress, TX"
2607,48077,"Clay, TX"
2608,48079,"Cochran, TX"
2609,48081,"Coke, TX"
2610,48083,"Coleman, TX"
2611,48085,"Collin, TX"
2612,48087,"Collingsworth, TX"
2613,48089,"Colorado, TX"
2614,48091,"Comal, TX"
2615,48093,"Comanche, TX"
2616,48095,"Concho, TX"
2617,48097,"Cooke, TX"
2618,48099,"Coryell, TX"
2619,48101,"Cottle, TX"
2620,48103,"Crane, TX"
2621,48105,"Crockett, TX"
2622,48107,"Crosby, TX"
2623,48109,"Culberson, TX"
2624,48111,"Dallam, TX"
2625,48113,"Dallas, TX"
2626,48115,"Dawson, TX"
2627,48117,"Deaf Smith, TX"
2628,48119,"Delta, TX"
2629,48121,"Denton, TX"
2630,48123,"DeWitt, TX"
2631,48125,"Dickens, TX"
2632,48127,"Dimmit, TX"
2633,48129,"Donley, TX"
2634,48131,"Duval, TX"
2635,48133,"Eastland, TX"
2636,48135,"Ector, TX"
2637,48137,"Edwards, TX"
2638,48139,"Ellis, TX"
2639,48141,"El Paso, TX"
2640,48143,"Erath, TX"
2641,48145,"Falls, TX"
2642,48147,"Fannin, TX"
2643,48149,"Fayette, TX"
2644,48151,"Fisher, TX"
2645,48153,"Floyd, TX"
2646,48155,"Foard, TX"
2647,48157,"Fort Bend, TX"
2648,48159,"Franklin, TX"
2649,48161,"Freestone, TX"
2650,48163,"Frio, TX"
2651,48165,"Gaines, TX"
2652,48167,"Galveston, TX"
2653,48169,"Garza, TX"
2654,48171,"Gillespie, TX"
2655,48173,"Glasscock, TX"
2656,48175,"Goliad, TX"
2657,48177,"Gonzales, TX"
2658,48179,"Gray, TX"
2659,48181,"Grayson, TX"
2660,48183,"Gregg, TX"
2661,48185,"Grimes, TX"
2662,48187,"Guadalupe, TX"
2663,48189,"Hale, TX"
2664,48191,"Hall, TX"
2665,48193,"Hamilton, TX"
2666,48195,"Hansford, TX"
2667,48197,"Hardeman, TX"
2668,48199,"Hardin, TX"
2669,48201,"Harris, TX"
2670,48203,"Harrison, TX"
2671,48205,"Hartley, TX"
2672,48207,"Haskell, TX"
2673,48209,"Hays, TX"
2674,48211,"Hemphill, TX"
2675,48213,"Henderson, TX"
2676,48215,"Hidalgo, TX"
2677,48217,"Hill, TX"
2678,48219,"Hockley, TX"
2679,48221,"Hood, TX"
2680,48223,"Hopkins, TX"
2681,48225,"Houston, TX"
2682,48227,"Howard, TX"
2683,48229,"Hudspeth, TX"
2684,48231,"Hunt, TX"
2685,48233,"Hutchinson, TX"
2686,48235,"Irion, TX"
2687,48237,"Jack, TX"
2688,48239,"Jackson, TX"
2689,48241,"Jasper, TX"
2690,48243,"Jeff Davis, TX"
2691,48245,"Jefferson, TX"
2692,48247,"Jim Hogg, TX"
2693,48249,"Jim Wells, TX"
2694,48251,"Johnson, TX"
2695,48253,"Jones, TX"
2696,48255,"Karnes, TX"
2697,48257,"Kaufman, TX"
2698,48259,"Kendall, TX"
2699,48261,"Kenedy, TX"
2700,48263,"Kent, TX"
2701,48265,"Kerr, TX"
2702,48267,"Kimble, TX"
2703,48269,"King, TX"
2704,48271,"Kinney, TX"
2705,48273,"Kleberg, TX"
2706,48275,"Knox, TX"
2707,48277,"Lamar, TX"
2708,48279,"Lamb, TX"
2709,48281,"Lampasas, TX"
2710,48283,"La Salle, TX"
2711,48285,"Lavaca, TX"
2712,48287,"Lee, TX"
2713,48289,"Leon, TX"
2714,48291,"Liberty, TX"
2715,48293,"Limestone, TX"
2716,48295,"Lipscomb, TX"
2717,48297,"Live Oak, TX"
2718,48299,"Llano, TX"
2719,48301,"Loving, TX"
2720,48303,"Lubbock, TX"
2721,48305,"Lynn, TX"
2722,48307,"McCulloch, TX"
2723,48309,"McLennan, TX"
2724,48311,"McMullen, TX"
2725,48313,"Madison, TX"
2726,48315,"Marion, TX"
2727,48317,"Martin, TX"
2728,48319,"Mason, TX"
2729,48321,"Matagorda, TX"
2730,48323,"Maverick, TX"
2731,48325,"Medina, TX"
2732,48327,"Menard, TX"
2733,48329,"Midland, TX"
2734,48331,"Milam, TX"
2735,48333,"Mills, TX"
2736,48335,"Mitchell, TX"
2737,48337,"Montague, TX"
2738,48339,"Montgomery, TX"
2739,48341,"Moore, TX"
2740,48343,"Morris, TX"
2741,48345,"Motley, TX"
2742,48347,"Nacogdoches, TX"
2743,48349,"Navarro, TX"
2744,48351,"Newton, TX"
2745,48353,"Nolan, TX"
2746,48355,"Nueces, TX"
2747,48357,"Ochiltree, TX"
2748,48359,"Oldham, TX"
2749,48361,"Orange, TX"
2750,48363,"Palo Pinto, TX"
2751,48365,"Panola, TX"
2752,48367,"Parker, TX"
2753,48369,"Parmer, TX"
2754,48371,"Pecos, TX"
2755,48373,"Polk, TX"
2756,48375,"Potter, TX"
2757,48377,"Presidio, TX"
2758,48379,"Rains, TX"
2759,48381,"Randall, TX"
2760,48383,"Reagan, TX"
2761,48385,"Real, TX"
2762,48387,"Red River, TX"
2763,48389,"Reeves, TX"
2764,48391,"Refugio, TX"
2765,48393,"Roberts, TX"
2766,48395,"Robertson, TX"
2767,48397,"Rockwall, TX"
2768,48399,"Runnels, TX"
2769,48401,"Rusk, TX"
2770,48403,"Sabine, TX"
2771,48405,"San Augustine, TX"
2772,48407,"San Jacinto, TX"
2773,48409,"San Patricio, TX"
2774,48411,"San Saba, TX"
2775,48413,"Schleicher, TX"
2776,48415,"Scurry, TX"
2777,48417,"Shackelford, TX"
2778,48419,"Shelby, TX"
2779,48421,"Sherman, TX"
2780,48423,"Smith, TX"
2781,48425,"Somervell, TX"
2782,48427,"Starr, TX"
2783,48429,"Stephens, TX"
2784,48431,"Sterling, TX"
2785,48433,"Stonewall, TX"
2786,48435,"Sutton, TX"
2787,48437,"Swisher, TX"
2788,48439,"Tarrant, TX"
2789,48441,"Taylor, TX"
2790,48443,"Terrell, TX"
2791,48445,"Terry, TX"
2792,48447,"Throckmorton, TX"
2793,48449,"Titus, TX"
2794,48451,"Tom Green, TX"
2795,48453,"Travis, TX"
2796,48455,"Trinity, TX"
2797,48457,"Tyler, TX"
2798,48459,"Upshur, TX"
2799,48461,"Upton, TX"
2800,48463,"Uvalde, TX"
2801,48465,"Val Verde, TX"
2802,48467,"Van Zandt, TX"
2803,48469,"Victoria, TX"
2804,48471,"Walker, TX"
2805,48473,"Waller, TX"
2806,48475,"Ward, TX"
2807,48477,"Washington, TX"
2808,48479,"Webb, TX"
2809,48481,"Wharton, TX"
2810,48483,"Wheeler, TX"
2811,48485,"Wichita, TX"
2812,48487,"Wilbarger, TX"
2813,48489,"Willacy, TX"
2814,48491,"Williamson, TX"
2815,48493,"Wilson, TX"
2816,48495,"Winkler, TX"
2817,48497,"Wise, TX"
2818,48499,"Wood, TX"
2819,48501,"Yoakum, TX"
2820,48503,"Young, TX"
2821,48505,"Zapata, TX"
2822,48507,"Zavala, TX"
2824,49001,"Beaver, UT"
2825,49003,"Box Elder, UT"
2826,49005,"Cache, UT"
2827,49007,"Carbon, UT"
2828,49009,"Daggett, UT"
2829,49011,"Davis, UT"
2830,49013,"Duchesne, UT"
2831,49015,"Emery, UT"
2832,49017,"Garfield, UT"
2833,49019,"Grand, UT"
2834,49021,"Iron, UT"
2835,49023,"Juab, UT"
2836,49025,"Kane, UT"
2837,49027,"Millard, UT"
2838,49029,"Morgan, UT"
2839,49031,"Piute, UT"
2840,49033,"Rich, UT"
2841,49035,"Salt Lake, UT"
2842,49037,"San Juan, UT"
2843,49039,"Sanpete, UT"
2844,49041,"Sevier, UT"
2845,49043,"Summit, UT"
2846,49045,"Tooele, UT"
2847,49047,"Uintah, UT"
2848,49049,"Utah, UT"
2849,49051,"Wasatch, UT"
2850,49053,"Washington, UT"
2851,49055,"Wayne, UT"
2852,49057,"Weber, UT"
2854,50001,"Addison, VT"
2855,50003,"Bennington, VT"
2856,50005,"Caledonia, VT"
2857,50007,"Chittenden, VT"
2858,50009,"Essex, VT"
2859,50011,"Franklin, VT"
2860,50013,"Grand Isle, VT"
2861,50015,"Lamoille, VT"
2862,50017,"Orange, VT"
2863,50019,"Orleans, VT"
2864,50021,"Rutland, VT"
2865,50023,"Washington, VT"
2866,50025,"Windham, VT"
2867,50027,"Windsor, VT"
2869,51001,"Accomack, VA"
2870,51003,"Albemarle, VA"
2871,51005,"Alleghany, VA"
2872,51007,"Amelia, VA"
2873,51009,"Amherst, VA"
2874,51011,"Appomattox, VA"
2875,51013,"Arlington, VA"
2876,51015,"Augusta, VA"
2877,51017,"Bath, VA"
2878,51019,"Bedford, VA"
2879,51021,"Bland, VA"
2880,51023,"Botetourt, VA"
2881,51025,"Brunswick, VA"
2882,51027,"Buchanan, VA"
2883,51029,"Buckingham, VA"
2884,51031,"Campbell, VA"
2885,51033,"Caroline, VA"
2886,51035,"Carroll, VA"
2887,51036,"Charles City, VA"
2888,51037,"Charlotte, VA"
2889,51041,"Chesterfield, VA"
2890,51043,"Clarke, VA"
2891,51045,"Craig, VA"
2892,51047,"Culpeper, VA"
2893,51049,"Cumberland, VA"
2894,51051,"Dickenson, VA"
2895,51053,"Dinwiddie, VA"
2896,51057,"Essex, VA"
2897,51059,"Fairfax, VA"
2898,51061,"Fauquier, VA"
2899,51063,"Floyd, VA"
2900,51065,"Fluvanna, VA"
2901,51067,"Franklin, VA"
2902,51069,"Frederick, VA"
2903,51071,"Giles, VA"
2904,51073,"Gloucester, VA"
2905,51075,"Goochland, VA"
2906,51077,"Grayson, VA"
2907,51079,"Greene, VA"
2908,51081,"Greensville, VA"
2909,51083,"Halifax, VA"
2910,51085,"Hanover, VA"
2911,51087,"Henrico, VA"
2912,51089,"Henry, VA"
2913,51091,"Highland, VA"
2914,51093,"Isle of Wight, VA"
2915,51095,"James City, VA"
2916,51097,"King and Queen, VA"
2917,51099,"King George, VA"
2918,51101,"King William, VA"
2919,51103,"Lancaster, VA"
2920,51105,"Lee, VA"
2921,51107,"Loudoun, VA"
2922,51109,"Louisa, VA"
2923,51111,"Lunenburg, VA"
2924,51113,"Madison, VA"
2925,51115,"Mathews, VA"
2926,51117,"Mecklenburg, VA"
2927,51119,"Middlesex, VA"
2928,51121,"Montgomery, VA"
2929,51125,"Nelson, VA"
2930,51127,"New Kent, VA"
2931,51131,"Northampton, VA"
2932,51133,"Northumberland, VA"
2933,51135,"Nottoway, VA"
2934,51137,"Orange, VA"
2935,51139,"Page, VA"
2936,51141,"Patrick, VA"
2937,51143,"Pittsylvania, VA"
2938,51145,"Powhatan, VA"
2939,51147,"Prince Edward, VA"
2940,51149,"Prince George, VA"
2941,51153,"Prince William, VA"
2942,51155,"Pulaski, VA"
2943,51157,"Rappahannock, VA"
2944,51159,"Richmond, VA"
2945,51161,"Roanoke, VA"
2946,51163,"Rockbridge, VA"
2947,51165,"Rockingham, VA"
2948,51167,"Russell, VA"
2949,51169,"Scott, VA"
2950,51171,"Shenandoah, VA"
2951,51173,"Smyth, VA"
2952,51175,"Southampton, VA"
2953,51177,"Spotsylvania, VA"
2954,51179,"Stafford, VA"
2955,51181,"Surry, VA"
2956,51183,"Sussex, VA"
2957,51185,"Tazewell, VA"
2958,51187,"Warren, VA"
2959,51191,"Washington, VA"
2960,51193,"Westmoreland, VA"
2961,51195,"Wise, VA"
2962,51197,"Wythe, VA"
2963,51199,"York, VA"
2964,51510,"Alexandria, VA"
2965,51515,"Bedford, VA"
2966,51520,"Bristol, VA"
2967,51530,"Buena Vista, VA"
2968,51540,"Charlottesville, VA"
2969,51550,"Chesapeake, VA"
2970,51560,"Clifton Forge, VA"
2971,51570,"Colonial Heights, VA"
2972,51580,"Covington, VA"
2973,51590,"Danville, VA"
2974,51595,"Emporia, VA"
2975,51600,"Fairfax, VA"
2976,51610,"Falls Church, VA"
2977,51620,"Franklin, VA"
2978,51630,"Fredericksburg, VA"
2979,51640,"Galax, VA"
2980,51650,"Hampton, VA"
2981,51660,"Harrisonburg, VA"
2982,51670,"Hopewell, VA"
2983,51678,"Lexington, VA"
2984,51680,"Lynchburg, VA"
2985,51683,"Manassas, VA"
2986,51685,"Manassas Park, VA"
2987,51690,"Martinsville, VA"
2988,51700,"Newport News, VA"
2989,51710,"Norfolk, VA"
2990,51720,"Norton, VA"
2991,51730,"Petersburg, VA"
2992,51735,"Poquoson, VA"
2993,51740,"Portsmouth, VA"
2994,51750,"Radford, VA"
2995,51760,"Richmond, VA"
2996,51770,"Roanoke, VA"
2997,51775,"Salem, VA"
2998,51780,"South Boston, VA"
2999,51790,"Staunton, VA"
3000,51800,"Suffolk, VA"
3001,51810,"Virginia Beach, VA"
3002,51820,"Waynesboro, VA"
3003,51830,"Williamsburg, VA"
3004,51840,"Winchester, VA"
3006,53001,"Adams, WA"
3007,53003,"Asotin, WA"
3008,53005,"Benton, WA"
3009,53007,"Chelan, WA"
3010,53009,"Clallam, WA"
3011,53011,"Clark, WA"
3012,53013,"Columbia, WA"
3013,53015,"Cowlitz, WA"
3014,53017,"Douglas, WA"
3015,53019,"Ferry, WA"
3016,53021,"Franklin, WA"
3017,53023,"Garfield, WA"
3018,53025,"Grant, WA"
3019,53027,"Grays Harbor, WA"
3020,53029,"Island, WA"
3021,53031,"Jefferson, WA"
3022,53033,"King, WA"
3023,53035,"Kitsap, WA"
3024,53037,"Kittitas, WA"
3025,53039,"Klickitat, WA"
3026,53041,"Lewis, WA"
3027,53043,"Lincoln, WA"
3028,53045,"Mason, WA"
3029,53047,"Okanogan, WA"
3030,53049,"Pacific, WA"
3031,53051,"Pend Oreille, WA"
3032,53053,"Pierce, WA"
3033,53055,"San Juan, WA"
3034,53057,"Skagit, WA"
3035,53059,"Skamania, WA"
3036,53061,"Snohomish, WA"
3037,53063,"Spokane, WA"
3038,53065,"Stevens, WA"
3039,53067,"Thurston, WA"
3040,53069,"Wahkiakum, WA"
3041,53071,"Walla Walla, WA"
3042,53073,"Whatcom, WA"
3043,53075,"Whitman, WA"
3044,53077,"Yakima, WA"
3046,54001,"Barbour, WV"
3047,54003,"Berkeley, WV"
3048,54005,"Boone, WV"
3049,54007,"Braxton, WV"
3050,54009,"Brooke, WV"
3051,54011,"Cabell, WV"
3052,54013,"Calhoun, WV"
3053,54015,"Clay, WV"
3054,54017,"Doddridge, WV"
3055,54019,"Fayette, WV"
3056,54021,"Gilmer, WV"
3057,54023,"Grant, WV"
3058,54025,"Greenbrier, WV"
3059,54027,"Hampshire, WV"
3060,54029,"Hancock, WV"
3061,54031,"Hardy, WV"
3062,54033,"Harrison, WV"
3063,54035,"Jackson, WV"
3064,54037,"Jefferson, WV"
3065,54039,"Kanawha, WV"
3066,54041,"Lewis, WV"
3067,54043,"Lincoln, WV"
3068,54045,"Logan, WV"
3069,54047,"McDowell, WV"
3070,54049,"Marion, WV"
3071,54051,"Marshall, WV"
3072,54053,"Mason, WV"
3073,54055,"Mercer, WV"
3074,54057,"Mineral, WV"
3075,54059,"Mingo, WV"
3076,54061,"Monongalia, WV"
3077,54063,"Monroe, WV"
3078,54065,"Morgan, WV"
3079,54067,"Nicholas, WV"
3080,54069,"Ohio, WV"
3081,54071,"Pendleton, WV"
3082,54073,"Pleasants, WV"
3083,54075,"Pocahontas, WV"
3084,54077,"Preston, WV"
3085,54079,"Putnam, WV"
3086,54081,"Raleigh, WV"
3087,54083,"Randolph, WV"
3088,54085,"Ritchie, WV"
3089,54087,"Roane, WV"
3090,54089,"Summers, WV"
3091,54091,"Taylor, WV"
3092,54093,"Tucker, WV"
3093,54095,"Tyler, WV"
3094,54097,"Upshur, WV"
3095,54099,"Wayne, WV"
3096,54101,"Webster, WV"
3097,54103,"Wetzel, WV"
3098,54105,"Wirt, WV"
3099,54107,"Wood, WV"
3100,54109,"Wyoming, WV"
3102,55001,"Adams, WI"
3103,55003,"Ashland, WI"
3104,55005,"Barron, WI"
3105,55007,"Bayfield, WI"
3106,55009,"Brown, WI"
3107,55011,"Buffalo, WI"
3108,55013,"Burnett, WI"
3109,55015,"Calumet, WI"
3110,55017,"Chippewa, WI"
3111,55019,"Clark, WI"
3112,55021,"Columbia, WI"
3113,55023,"Crawford, WI"
3114,55025,"Dane, WI"
3115,55027,"Dodge, WI"
3116,55029,"Door, WI"
3117,55031,"Douglas, WI"
3118,55033,"Dunn, WI"
3119,55035,"Eau Claire, WI"
3120,55037,"Florence, WI"
3121,55039,"Fond du Lac, WI"
3122,55041,"Forest, WI"
3123,55043,"Grant, WI"
3124,55045,"Green, WI"
3125,55047,"Green Lake, WI"
3126,55049,"Iowa, WI"
3127,55051,"Iron, WI"
3128,55053,"Jackson, WI"
3129,55055,"Jefferson, WI"
3130,55057,"Juneau, WI"
3131,55059,"Kenosha, WI"
3132,55061,"Kewaunee, WI"
3133,55063,"La Crosse, WI"
3134,55065,"Lafayette, WI"
3135,55067,"Langlade, WI"
3136,55069,"Lincoln, WI"
3137,55071,"Manitowoc, WI"
3138,55073,"Marathon, WI"
3139,55075,"Marinette, WI"
3140,55077,"Marquette, WI"
3141,55078,"Menominee, WI"
3142,55079,"Milwaukee, WI"
3143,55081,"Monroe, WI"
3144,55083,"Oconto, WI"
3145,55085,"Oneida, WI"
3146,55087,"Outagamie, WI"
3147,55089,"Ozaukee, WI"
3148,55091,"Pepin, WI"
3149,55093,"Pierce, WI"
3150,55095,"Polk, WI"
3151,55097,"Portage, WI"
3152,55099,"Price, WI"
3153,55101,"Racine, WI"
3154,55103,"Richland, WI"
3155,55105,"Rock, WI"
3156,55107,"Rusk, WI"
3157,55109,"St. Croix, WI"
3158,55111,"Sauk, WI"
3159,55113,"Sawyer, WI"
3160,55115,"Shawano, WI"
3161,55117,"Sheboygan, WI"
3162,55119,"Taylor, WI"
3163,55121,"Trempealeau, WI"
3164,55123,"Vernon, WI"
3165,55125,"Vilas, WI"
3166,55127,"Walworth, WI"
3167,55129,"Washburn, WI"
3168,55131,"Washington, WI"
3169,55133,"Waukesha, WI"
3170,55135,"Waupaca, WI"
3171,55137,"Waushara, WI"
3172,55139,"Winnebago, WI"
3173,55141,"Wood, WI"
3175,56001,"Albany, WY"
3176,56003,"Big Horn, WY"
3177,56005,"Campbell, WY"
3178,56007,"Carbon, WY"
3179,56009,"Converse, WY"
3180,56011,"Crook, WY"
3181,56013,"Fremont, WY"
3182,56015,"Goshen, WY"
3183,56017,"Hot Springs, WY"
3184,56019,"Johnson, WY"
3185,56021,"Laramie, WY"
3186,56023,"Lincoln, WY"
3187,56025,"Natrona, WY"
3188,56027,"Niobrara, WY"
3189,56029,"Park, WY"
3190,56031,"Platte, WY"
3191,56033,"Sheridan, WY"
3192,56035,"Sublette, WY"
3193,56037,"Sweetwater, WY"
3194,56039,"Teton, WY"
3195,56041,"Uinta, WY"
3196,56043,"Washakie, WY"
3197,56045,"Weston, WY"
